,Wall time,Step,Value,run,fold,split,objective,batch_size,learning_rate,
0,1721189629,1,0.06281258911,SWB_ASR,3,train,vad,32,0.001,
1,1721191316,2,0.05674240738,SWB_ASR,3,train,vad,32,0.001,
2,1721193004,3,0.05562525988,SWB_ASR,3,train,vad,32,0.001,
3,1721194690,4,0.05500293896,SWB_ASR,3,train,vad,32,0.001,
4,1721196376,5,0.05451929197,SWB_ASR,3,train,vad,32,0.001,
5,1721198063,6,0.05411850289,SWB_ASR,3,train,vad,32,0.001,
6,1721199749,7,0.05378825963,SWB_ASR,3,train,vad,32,0.001,
7,1721201435,8,0.05347559974,SWB_ASR,3,train,vad,32,0.001,
8,1721203122,9,0.05321134999,SWB_ASR,3,train,vad,32,0.001,
9,1721204809,10,0.0529582873,SWB_ASR,3,train,vad,32,0.001,
0,1721172804,1,0.06295990199,SWB_ASR,2,train,vad,32,0.001,
1,1721174484,2,0.05704024434,SWB_ASR,2,train,vad,32,0.001,
2,1721176164,3,0.05609100685,SWB_ASR,2,train,vad,32,0.001,
3,1721177848,4,0.05546667427,SWB_ASR,2,train,vad,32,0.001,
4,1721179529,5,0.05496752635,SWB_ASR,2,train,vad,32,0.001,
5,1721181211,6,0.05453588814,SWB_ASR,2,train,vad,32,0.001,
6,1721182892,7,0.05416650698,SWB_ASR,2,train,vad,32,0.001,
7,1721184573,8,0.05381883308,SWB_ASR,2,train,vad,32,0.001,
8,1721186255,9,0.05351720378,SWB_ASR,2,train,vad,32,0.001,
9,1721187936,10,0.05320678279,SWB_ASR,2,train,vad,32,0.001,
0,1721206492,1,0.06274312735,SWB_ASR,4,train,vad,32,0.001,
1,1721208178,2,0.05677236989,SWB_ASR,4,train,vad,32,0.001,
2,1721209862,3,0.05568971485,SWB_ASR,4,train,vad,32,0.001,
3,1721211546,4,0.05506732315,SWB_ASR,4,train,vad,32,0.001,
4,1721213231,5,0.05462578312,SWB_ASR,4,train,vad,32,0.001,
5,1721214916,6,0.05426979065,SWB_ASR,4,train,vad,32,0.001,
6,1721216602,7,0.05396066606,SWB_ASR,4,train,vad,32,0.001,
7,1721218286,8,0.0536760278,SWB_ASR,4,train,vad,32,0.001,
8,1721219969,9,0.05343623832,SWB_ASR,4,train,vad,32,0.001,
9,1721221653,10,0.05315182358,SWB_ASR,4,train,vad,32,0.001,
0,1721139093,1,0.06366965175,SWB_ASR,0,train,vad,32,0.001,
1,1721140778,2,0.05789562315,SWB_ASR,0,train,vad,32,0.001,
2,1721142464,3,0.05695164949,SWB_ASR,0,train,vad,32,0.001,
3,1721144149,4,0.05626623705,SWB_ASR,0,train,vad,32,0.001,
4,1721145836,5,0.05573721603,SWB_ASR,0,train,vad,32,0.001,
5,1721147524,6,0.05539920554,SWB_ASR,0,train,vad,32,0.001,
6,1721149211,7,0.05505270511,SWB_ASR,0,train,vad,32,0.001,
7,1721150898,8,0.05476818606,SWB_ASR,0,train,vad,32,0.001,
8,1721152585,9,0.05455909297,SWB_ASR,0,train,vad,32,0.001,
9,1721154272,10,0.05429108813,SWB_ASR,0,train,vad,32,0.001,
0,1721155960,1,0.06266957521,SWB_ASR,1,train,vad,32,0.001,
1,1721157644,2,0.05658577755,SWB_ASR,1,train,vad,32,0.001,
2,1721159329,3,0.05557825044,SWB_ASR,1,train,vad,32,0.001,
3,1721161013,4,0.05496737733,SWB_ASR,1,train,vad,32,0.001,
4,1721162701,5,0.05449893698,SWB_ASR,1,train,vad,32,0.001,
5,1721164386,6,0.05416985229,SWB_ASR,1,train,vad,32,0.001,
6,1721166071,7,0.05386070162,SWB_ASR,1,train,vad,32,0.001,
7,1721167759,8,0.05359111354,SWB_ASR,1,train,vad,32,0.001,
8,1721169442,9,0.05333602428,SWB_ASR,1,train,vad,32,0.001,
9,1721171127,10,0.05311113223,SWB_ASR,1,train,vad,32,0.001,
0,1721189629,1,0.005037609953,SWB_ASR,3,train,vap,32,0.001,
1,1721191316,2,0.004464232363,SWB_ASR,3,train,vap,32,0.001,
2,1721193004,3,0.004341289867,SWB_ASR,3,train,vap,32,0.001,
3,1721194690,4,0.004269380122,SWB_ASR,3,train,vap,32,0.001,
4,1721196376,5,0.004209812265,SWB_ASR,3,train,vap,32,0.001,
5,1721198063,6,0.004166348372,SWB_ASR,3,train,vap,32,0.001,
6,1721199749,7,0.004127670545,SWB_ASR,3,train,vap,32,0.001,
7,1721201435,8,0.004090490285,SWB_ASR,3,train,vap,32,0.001,
8,1721203122,9,0.004059066065,SWB_ASR,3,train,vap,32,0.001,
9,1721204809,10,0.004028209485,SWB_ASR,3,train,vap,32,0.001,
0,1721139093,1,0.005040275399,SWB_ASR,0,train,vap,32,0.001,
1,1721140778,2,0.004498281982,SWB_ASR,0,train,vap,32,0.001,
2,1721142464,3,0.004402056802,SWB_ASR,0,train,vap,32,0.001,
3,1721144149,4,0.004333871882,SWB_ASR,0,train,vap,32,0.001,
4,1721145836,5,0.004282779992,SWB_ASR,0,train,vap,32,0.001,
5,1721147524,6,0.004237086046,SWB_ASR,0,train,vap,32,0.001,
6,1721149211,7,0.004202852957,SWB_ASR,0,train,vap,32,0.001,
7,1721150898,8,0.004172808025,SWB_ASR,0,train,vap,32,0.001,
8,1721152585,9,0.004140733276,SWB_ASR,0,train,vap,32,0.001,
9,1721154272,10,0.004111651331,SWB_ASR,0,train,vap,32,0.001,
0,1721172804,1,0.00501455972,SWB_ASR,2,train,vap,32,0.001,
1,1721174484,2,0.004434695933,SWB_ASR,2,train,vap,32,0.001,
2,1721176164,3,0.004313727841,SWB_ASR,2,train,vap,32,0.001,
3,1721177848,4,0.00423875358,SWB_ASR,2,train,vap,32,0.001,
4,1721179529,5,0.004182534758,SWB_ASR,2,train,vap,32,0.001,
5,1721181211,6,0.004137125332,SWB_ASR,2,train,vap,32,0.001,
6,1721182892,7,0.004095625132,SWB_ASR,2,train,vap,32,0.001,
7,1721184573,8,0.004063987639,SWB_ASR,2,train,vap,32,0.001,
8,1721186255,9,0.004033144563,SWB_ASR,2,train,vap,32,0.001,
9,1721187936,10,0.004004389979,SWB_ASR,2,train,vap,32,0.001,
0,1721155960,1,0.005026817322,SWB_ASR,1,train,vap,32,0.001,
1,1721157644,2,0.004497786518,SWB_ASR,1,train,vap,32,0.001,
2,1721159329,3,0.00438210601,SWB_ASR,1,train,vap,32,0.001,
3,1721161013,4,0.004304387141,SWB_ASR,1,train,vap,32,0.001,
4,1721162701,5,0.004245068878,SWB_ASR,1,train,vap,32,0.001,
5,1721164386,6,0.004199389834,SWB_ASR,1,train,vap,32,0.001,
6,1721166071,7,0.004156334791,SWB_ASR,1,train,vap,32,0.001,
7,1721167759,8,0.004121599719,SWB_ASR,1,train,vap,32,0.001,
8,1721169442,9,0.004088832997,SWB_ASR,1,train,vap,32,0.001,
9,1721171127,10,0.004060212057,SWB_ASR,1,train,vap,32,0.001,
0,1721206492,1,0.005021024495,SWB_ASR,4,train,vap,32,0.001,
1,1721208178,2,0.004481554963,SWB_ASR,4,train,vap,32,0.001,
2,1721209862,3,0.004361176398,SWB_ASR,4,train,vap,32,0.001,
3,1721211546,4,0.004287451971,SWB_ASR,4,train,vap,32,0.001,
4,1721213231,5,0.004230109975,SWB_ASR,4,train,vap,32,0.001,
5,1721214916,6,0.004183529411,SWB_ASR,4,train,vap,32,0.001,
6,1721216602,7,0.004142526072,SWB_ASR,4,train,vap,32,0.001,
7,1721218286,8,0.00410791859,SWB_ASR,4,train,vap,32,0.001,
8,1721219969,9,0.004076638725,SWB_ASR,4,train,vap,32,0.001,
9,1721221653,10,0.00404603174,SWB_ASR,4,train,vap,32,0.001,
0,1721206691,1,0.00468143262,SWB_ASR,4,val,vad,32,0.001,
1,1721208378,2,0.004430420231,SWB_ASR,4,val,vad,32,0.001,
2,1721210062,3,0.004409126937,SWB_ASR,4,val,vad,32,0.001,
3,1721211746,4,0.004339999054,SWB_ASR,4,val,vad,32,0.001,
4,1721213431,5,0.004307144787,SWB_ASR,4,val,vad,32,0.001,
5,1721215116,6,0.004278890789,SWB_ASR,4,val,vad,32,0.001,
6,1721216801,7,0.004266002681,SWB_ASR,4,val,vad,32,0.001,
7,1721218485,8,0.004222272895,SWB_ASR,4,val,vad,32,0.001,
8,1721220168,9,0.004243451171,SWB_ASR,4,val,vad,32,0.001,
9,1721221852,10,0.004186935723,SWB_ASR,4,val,vad,32,0.001,
0,1721173007,1,0.004502201919,SWB_ASR,2,val,vad,32,0.001,
1,1721174686,2,0.004402413499,SWB_ASR,2,val,vad,32,0.001,
2,1721176369,3,0.004272093531,SWB_ASR,2,val,vad,32,0.001,
3,1721178050,4,0.004224324599,SWB_ASR,2,val,vad,32,0.001,
4,1721179732,5,0.004187894519,SWB_ASR,2,val,vad,32,0.001,
5,1721181414,6,0.004161496647,SWB_ASR,2,val,vad,32,0.001,
6,1721183095,7,0.0041542775,SWB_ASR,2,val,vad,32,0.001,
7,1721184776,8,0.004159520846,SWB_ASR,2,val,vad,32,0.001,
8,1721186458,9,0.004124800209,SWB_ASR,2,val,vad,32,0.001,
9,1721188139,10,0.00415720325,SWB_ASR,2,val,vad,32,0.001,
0,1721156157,1,0.004552016035,SWB_ASR,1,val,vad,32,0.001,
1,1721157841,2,0.004419007804,SWB_ASR,1,val,vad,32,0.001,
2,1721159526,3,0.00432778988,SWB_ASR,1,val,vad,32,0.001,
3,1721161212,4,0.004265041091,SWB_ASR,1,val,vad,32,0.001,
4,1721162898,5,0.004259076901,SWB_ASR,1,val,vad,32,0.001,
5,1721164582,6,0.004259752575,SWB_ASR,1,val,vad,32,0.001,
6,1721166268,7,0.004210738931,SWB_ASR,1,val,vad,32,0.001,
7,1721167956,8,0.004177195951,SWB_ASR,1,val,vad,32,0.001,
8,1721169639,9,0.004160890356,SWB_ASR,1,val,vad,32,0.001,
9,1721171324,10,0.004118754063,SWB_ASR,1,val,vad,32,0.001,
0,1721189826,1,0.004605559632,SWB_ASR,3,val,vad,32,0.001,
1,1721191515,2,0.004396304954,SWB_ASR,3,val,vad,32,0.001,
2,1721193201,3,0.004323151428,SWB_ASR,3,val,vad,32,0.001,
3,1721194887,4,0.004349928349,SWB_ASR,3,val,vad,32,0.001,
4,1721196573,5,0.004263775889,SWB_ASR,3,val,vad,32,0.001,
5,1721198260,6,0.00422968436,SWB_ASR,3,val,vad,32,0.001,
6,1721199946,7,0.004197129048,SWB_ASR,3,val,vad,32,0.001,
7,1721201632,8,0.004176700953,SWB_ASR,3,val,vad,32,0.001,
8,1721203319,9,0.004222924821,SWB_ASR,3,val,vad,32,0.001,
9,1721205006,10,0.004203376826,SWB_ASR,3,val,vad,32,0.001,
0,1721139290,1,0.004545875359,SWB_ASR,0,val,vad,32,0.001,
1,1721140975,2,0.004356982652,SWB_ASR,0,val,vad,32,0.001,
2,1721142660,3,0.004317554645,SWB_ASR,0,val,vad,32,0.001,
3,1721144346,4,0.004256067332,SWB_ASR,0,val,vad,32,0.001,
4,1721146034,5,0.004242797382,SWB_ASR,0,val,vad,32,0.001,
5,1721147721,6,0.004224624485,SWB_ASR,0,val,vad,32,0.001,
6,1721149408,7,0.004188052379,SWB_ASR,0,val,vad,32,0.001,
7,1721151096,8,0.004188964143,SWB_ASR,0,val,vad,32,0.001,
8,1721152782,9,0.00412270613,SWB_ASR,0,val,vad,32,0.001,
9,1721154469,10,0.004112373572,SWB_ASR,0,val,vad,32,0.001,
0,1721139290,1,0.06365858763,SWB_ASR,0,val,vap,32,0.001,
1,1721140975,2,0.06095513329,SWB_ASR,0,val,vap,32,0.001,
2,1721142660,3,0.05993111432,SWB_ASR,0,val,vap,32,0.001,
3,1721144346,4,0.06170928478,SWB_ASR,0,val,vap,32,0.001,
4,1721146034,5,0.06000927836,SWB_ASR,0,val,vap,32,0.001,
5,1721147721,6,0.06021454558,SWB_ASR,0,val,vap,32,0.001,
6,1721149408,7,0.06185466051,SWB_ASR,0,val,vap,32,0.001,
7,1721151096,8,0.06114059687,SWB_ASR,0,val,vap,32,0.001,
8,1721152782,9,0.06078092381,SWB_ASR,0,val,vap,32,0.001,
9,1721154469,10,0.05964549631,SWB_ASR,0,val,vap,32,0.001,
0,1721173007,1,0.05828879029,SWB_ASR,2,val,vap,32,0.001,
1,1721174686,2,0.05686673895,SWB_ASR,2,val,vap,32,0.001,
2,1721176369,3,0.0564221628,SWB_ASR,2,val,vap,32,0.001,
3,1721178050,4,0.05633452907,SWB_ASR,2,val,vap,32,0.001,
4,1721179732,5,0.05520042777,SWB_ASR,2,val,vap,32,0.001,
5,1721181414,6,0.05498952419,SWB_ASR,2,val,vap,32,0.001,
6,1721183095,7,0.05498347804,SWB_ASR,2,val,vap,32,0.001,
7,1721184776,8,0.055050008,SWB_ASR,2,val,vap,32,0.001,
8,1721186458,9,0.05460617319,SWB_ASR,2,val,vap,32,0.001,
9,1721188139,10,0.05473699421,SWB_ASR,2,val,vap,32,0.001,
0,1721189826,1,0.06296104193,SWB_ASR,3,val,vap,32,0.001,
1,1721191515,2,0.05999354646,SWB_ASR,3,val,vap,32,0.001,
2,1721193201,3,0.06187513471,SWB_ASR,3,val,vap,32,0.001,
3,1721194887,4,0.06146746501,SWB_ASR,3,val,vap,32,0.001,
4,1721196573,5,0.06193785742,SWB_ASR,3,val,vap,32,0.001,
5,1721198260,6,0.06147469208,SWB_ASR,3,val,vap,32,0.001,
6,1721199946,7,0.06057420373,SWB_ASR,3,val,vap,32,0.001,
7,1721201632,8,0.06068403274,SWB_ASR,3,val,vap,32,0.001,
8,1721203319,9,0.0619229041,SWB_ASR,3,val,vap,32,0.001,
9,1721205006,10,0.06173384935,SWB_ASR,3,val,vap,32,0.001,
0,1721206691,1,0.06051899865,SWB_ASR,4,val,vap,32,0.001,
1,1721208378,2,0.06316683441,SWB_ASR,4,val,vap,32,0.001,
2,1721210062,3,0.06271091104,SWB_ASR,4,val,vap,32,0.001,
3,1721211746,4,0.0633854419,SWB_ASR,4,val,vap,32,0.001,
4,1721213431,5,0.06302402914,SWB_ASR,4,val,vap,32,0.001,
5,1721215116,6,0.06251174957,SWB_ASR,4,val,vap,32,0.001,
6,1721216801,7,0.06190384924,SWB_ASR,4,val,vap,32,0.001,
7,1721218485,8,0.06237953156,SWB_ASR,4,val,vap,32,0.001,
8,1721220168,9,0.06286646426,SWB_ASR,4,val,vap,32,0.001,
9,1721221852,10,0.06227711961,SWB_ASR,4,val,vap,32,0.001,
0,1721156157,1,0.062736772,SWB_ASR,1,val,vap,32,0.001,
1,1721157841,2,0.06367003173,SWB_ASR,1,val,vap,32,0.001,
2,1721159526,3,0.06253428012,SWB_ASR,1,val,vap,32,0.001,
3,1721161212,4,0.06271166354,SWB_ASR,1,val,vap,32,0.001,
4,1721162898,5,0.06235698238,SWB_ASR,1,val,vap,32,0.001,
5,1721164582,6,0.06241708249,SWB_ASR,1,val,vap,32,0.001,
6,1721166268,7,0.06236474589,SWB_ASR,1,val,vap,32,0.001,
7,1721167956,8,0.06191211194,SWB_ASR,1,val,vap,32,0.001,
8,1721169639,9,0.06080504879,SWB_ASR,1,val,vap,32,0.001,
9,1721171324,10,0.0608891882,SWB_ASR,1,val,vap,32,0.001,
0,1724557129,1,0.1148715094,CND_multimodal_late_fusion,3,train,vad,16,0.005,
1,1724566898,2,0.1095860824,CND_multimodal_late_fusion,3,train,vad,16,0.005,
2,1724576717,3,0.1078297943,CND_multimodal_late_fusion,3,train,vad,16,0.005,
3,1724586549,4,0.1065543443,CND_multimodal_late_fusion,3,train,vad,16,0.005,
4,1724596431,5,0.105615221,CND_multimodal_late_fusion,3,train,vad,16,0.005,
5,1724606333,6,0.1048183218,CND_multimodal_late_fusion,3,train,vad,16,0.005,
6,1724616364,7,0.1041246504,CND_multimodal_late_fusion,3,train,vad,16,0.005,
7,1724626230,8,0.1034859195,CND_multimodal_late_fusion,3,train,vad,16,0.005,
8,1724636192,9,0.1028463468,CND_multimodal_late_fusion,3,train,vad,16,0.005,
9,1724646028,10,0.1024179086,CND_multimodal_late_fusion,3,train,vad,16,0.005,
0,1724261422,1,0.1160541028,CND_multimodal_late_fusion,0,train,vad,16,0.005,
1,1724271160,2,0.110240601,CND_multimodal_late_fusion,0,train,vad,16,0.005,
2,1724280910,3,0.1080928892,CND_multimodal_late_fusion,0,train,vad,16,0.005,
3,1724290658,4,0.1066910848,CND_multimodal_late_fusion,0,train,vad,16,0.005,
4,1724300448,5,0.1056126058,CND_multimodal_late_fusion,0,train,vad,16,0.005,
5,1724310215,6,0.1046838611,CND_multimodal_late_fusion,0,train,vad,16,0.005,
6,1724320779,7,0.1038974375,CND_multimodal_late_fusion,0,train,vad,16,0.005,
7,1724330607,8,0.1031691208,CND_multimodal_late_fusion,0,train,vad,16,0.005,
8,1724340443,9,0.1025282517,CND_multimodal_late_fusion,0,train,vad,16,0.005,
9,1724350266,10,0.1019165814,CND_multimodal_late_fusion,0,train,vad,16,0.005,
0,1724655804,1,0.116715692,CND_multimodal_late_fusion,4,train,vad,16,0.005,
1,1724665602,2,0.1109187156,CND_multimodal_late_fusion,4,train,vad,16,0.005,
2,1724675433,3,0.1088966504,CND_multimodal_late_fusion,4,train,vad,16,0.005,
3,1724685211,4,0.107459113,CND_multimodal_late_fusion,4,train,vad,16,0.005,
4,1724695037,5,0.1064008102,CND_multimodal_late_fusion,4,train,vad,16,0.005,
5,1724704885,6,0.1055563167,CND_multimodal_late_fusion,4,train,vad,16,0.005,
6,1724714706,7,0.1048359573,CND_multimodal_late_fusion,4,train,vad,16,0.005,
7,1724724546,8,0.1041577682,CND_multimodal_late_fusion,4,train,vad,16,0.005,
8,1724734394,9,0.1035699099,CND_multimodal_late_fusion,4,train,vad,16,0.005,
9,1724744243,10,0.102995567,CND_multimodal_late_fusion,4,train,vad,16,0.005,
0,1724458714,1,0.1168253049,CND_multimodal_late_fusion,2,train,vad,16,0.005,
1,1724468503,2,0.111075677,CND_multimodal_late_fusion,2,train,vad,16,0.005,
2,1724478291,3,0.1088029295,CND_multimodal_late_fusion,2,train,vad,16,0.005,
3,1724488091,4,0.106817767,CND_multimodal_late_fusion,2,train,vad,16,0.005,
4,1724497900,5,0.1057124734,CND_multimodal_late_fusion,2,train,vad,16,0.005,
5,1724507733,6,0.1047968268,CND_multimodal_late_fusion,2,train,vad,16,0.005,
6,1724517668,7,0.1040256023,CND_multimodal_late_fusion,2,train,vad,16,0.005,
7,1724527560,8,0.1033459455,CND_multimodal_late_fusion,2,train,vad,16,0.005,
8,1724537418,9,0.1027109623,CND_multimodal_late_fusion,2,train,vad,16,0.005,
9,1724547335,10,0.1021171138,CND_multimodal_late_fusion,2,train,vad,16,0.005,
0,1724360145,1,0.1152296215,CND_multimodal_late_fusion,1,train,vad,16,0.005,
1,1724369966,2,0.1099286377,CND_multimodal_late_fusion,1,train,vad,16,0.005,
2,1724379812,3,0.1081609726,CND_multimodal_late_fusion,1,train,vad,16,0.005,
3,1724389628,4,0.1072345152,CND_multimodal_late_fusion,1,train,vad,16,0.005,
4,1724399453,5,0.1068105102,CND_multimodal_late_fusion,1,train,vad,16,0.005,
5,1724409210,6,0.1064370871,CND_multimodal_late_fusion,1,train,vad,16,0.005,
6,1724419076,7,0.1105672121,CND_multimodal_late_fusion,1,train,vad,16,0.005,
7,1724428927,8,0.1128953174,CND_multimodal_late_fusion,1,train,vad,16,0.005,
8,1724438887,9,0.1183384508,CND_multimodal_late_fusion,1,train,vad,16,0.005,
9,1724448969,10,0.1228823289,CND_multimodal_late_fusion,1,train,vad,16,0.005,
0,1724360145,1,0.008276263252,CND_multimodal_late_fusion,1,train,vap,16,0.005,
1,1724369966,2,0.007688961457,CND_multimodal_late_fusion,1,train,vap,16,0.005,
2,1724379812,3,0.00751527492,CND_multimodal_late_fusion,1,train,vap,16,0.005,
3,1724389628,4,0.007433915976,CND_multimodal_late_fusion,1,train,vap,16,0.005,
4,1724399453,5,0.007412276696,CND_multimodal_late_fusion,1,train,vap,16,0.005,
5,1724409210,6,0.007385666948,CND_multimodal_late_fusion,1,train,vap,16,0.005,
6,1724419076,7,0.007940369658,CND_multimodal_late_fusion,1,train,vap,16,0.005,
7,1724428927,8,0.008279204369,CND_multimodal_late_fusion,1,train,vap,16,0.005,
8,1724438887,9,0.008962791413,CND_multimodal_late_fusion,1,train,vap,16,0.005,
9,1724448969,10,0.009442883544,CND_multimodal_late_fusion,1,train,vap,16,0.005,
0,1724458714,1,0.008235766552,CND_multimodal_late_fusion,2,train,vap,16,0.005,
1,1724468503,2,0.007644962985,CND_multimodal_late_fusion,2,train,vap,16,0.005,
2,1724478291,3,0.007455514278,CND_multimodal_late_fusion,2,train,vap,16,0.005,
3,1724488091,4,0.007329195738,CND_multimodal_late_fusion,2,train,vap,16,0.005,
4,1724497900,5,0.007237635087,CND_multimodal_late_fusion,2,train,vap,16,0.005,
5,1724507733,6,0.00716400519,CND_multimodal_late_fusion,2,train,vap,16,0.005,
6,1724517668,7,0.007102093194,CND_multimodal_late_fusion,2,train,vap,16,0.005,
7,1724527560,8,0.007050978951,CND_multimodal_late_fusion,2,train,vap,16,0.005,
8,1724537418,9,0.007003493141,CND_multimodal_late_fusion,2,train,vap,16,0.005,
9,1724547335,10,0.00696550915,CND_multimodal_late_fusion,2,train,vap,16,0.005,
0,1724655804,1,0.008287379518,CND_multimodal_late_fusion,4,train,vap,16,0.005,
1,1724665602,2,0.007680135313,CND_multimodal_late_fusion,4,train,vap,16,0.005,
2,1724675433,3,0.007483372465,CND_multimodal_late_fusion,4,train,vap,16,0.005,
3,1724685211,4,0.007361656055,CND_multimodal_late_fusion,4,train,vap,16,0.005,
4,1724695037,5,0.00727351848,CND_multimodal_late_fusion,4,train,vap,16,0.005,
5,1724704885,6,0.007209145464,CND_multimodal_late_fusion,4,train,vap,16,0.005,
6,1724714706,7,0.007155137137,CND_multimodal_late_fusion,4,train,vap,16,0.005,
7,1724724546,8,0.007110475563,CND_multimodal_late_fusion,4,train,vap,16,0.005,
8,1724734394,9,0.007071189117,CND_multimodal_late_fusion,4,train,vap,16,0.005,
9,1724744243,10,0.00703755673,CND_multimodal_late_fusion,4,train,vap,16,0.005,
0,1724261422,1,0.008228833787,CND_multimodal_late_fusion,0,train,vap,16,0.005,
1,1724271160,2,0.007636592258,CND_multimodal_late_fusion,0,train,vap,16,0.005,
2,1724280910,3,0.007434763946,CND_multimodal_late_fusion,0,train,vap,16,0.005,
3,1724290658,4,0.007308982313,CND_multimodal_late_fusion,0,train,vap,16,0.005,
4,1724300448,5,0.007217278238,CND_multimodal_late_fusion,0,train,vap,16,0.005,
5,1724310215,6,0.007142828312,CND_multimodal_late_fusion,0,train,vap,16,0.005,
6,1724320779,7,0.007082928903,CND_multimodal_late_fusion,0,train,vap,16,0.005,
7,1724330607,8,0.007032653317,CND_multimodal_late_fusion,0,train,vap,16,0.005,
8,1724340443,9,0.006987411063,CND_multimodal_late_fusion,0,train,vap,16,0.005,
9,1724350266,10,0.006947347894,CND_multimodal_late_fusion,0,train,vap,16,0.005,
0,1724557129,1,0.008189206943,CND_multimodal_late_fusion,3,train,vap,16,0.005,
1,1724566898,2,0.007626025006,CND_multimodal_late_fusion,3,train,vap,16,0.005,
2,1724576717,3,0.007441948168,CND_multimodal_late_fusion,3,train,vap,16,0.005,
3,1724586549,4,0.007327951491,CND_multimodal_late_fusion,3,train,vap,16,0.005,
4,1724596431,5,0.007245204411,CND_multimodal_late_fusion,3,train,vap,16,0.005,
5,1724606333,6,0.0071832994,CND_multimodal_late_fusion,3,train,vap,16,0.005,
6,1724616364,7,0.007128830068,CND_multimodal_late_fusion,3,train,vap,16,0.005,
7,1724626230,8,0.007082123309,CND_multimodal_late_fusion,3,train,vap,16,0.005,
8,1724636192,9,0.007038676646,CND_multimodal_late_fusion,3,train,vap,16,0.005,
9,1724646028,10,0.007011729293,CND_multimodal_late_fusion,3,train,vap,16,0.005,
0,1724459643,1,0.007902768441,CND_multimodal_late_fusion,2,val,vad,16,0.005,
1,1724469442,2,0.007717051543,CND_multimodal_late_fusion,2,val,vad,16,0.005,
2,1724479230,3,0.007524152752,CND_multimodal_late_fusion,2,val,vad,16,0.005,
3,1724489032,4,0.007504709065,CND_multimodal_late_fusion,2,val,vad,16,0.005,
4,1724498841,5,0.007519683335,CND_multimodal_late_fusion,2,val,vad,16,0.005,
5,1724508670,6,0.007344109006,CND_multimodal_late_fusion,2,val,vad,16,0.005,
6,1724518607,7,0.007367034443,CND_multimodal_late_fusion,2,val,vad,16,0.005,
7,1724528494,8,0.007387488149,CND_multimodal_late_fusion,2,val,vad,16,0.005,
8,1724538359,9,0.007409090642,CND_multimodal_late_fusion,2,val,vad,16,0.005,
9,1724548261,10,0.007363863289,CND_multimodal_late_fusion,2,val,vad,16,0.005,
0,1724262350,1,0.008258885704,CND_multimodal_late_fusion,0,val,vad,16,0.005,
1,1724272086,2,0.007812013384,CND_multimodal_late_fusion,0,val,vad,16,0.005,
2,1724281835,3,0.00757849915,CND_multimodal_late_fusion,0,val,vad,16,0.005,
3,1724291598,4,0.007635261398,CND_multimodal_late_fusion,0,val,vad,16,0.005,
4,1724301376,5,0.007506859023,CND_multimodal_late_fusion,0,val,vad,16,0.005,
5,1724311156,6,0.007523475681,CND_multimodal_late_fusion,0,val,vad,16,0.005,
6,1724321722,7,0.00757304579,CND_multimodal_late_fusion,0,val,vad,16,0.005,
7,1724331546,8,0.007538726553,CND_multimodal_late_fusion,0,val,vad,16,0.005,
8,1724341376,9,0.007502655499,CND_multimodal_late_fusion,0,val,vad,16,0.005,
9,1724351207,10,0.007566698827,CND_multimodal_late_fusion,0,val,vad,16,0.005,
0,1724361034,1,0.007884094492,CND_multimodal_late_fusion,1,val,vad,16,0.005,
1,1724370872,2,0.007755443454,CND_multimodal_late_fusion,1,val,vad,16,0.005,
2,1724380713,3,0.007549991831,CND_multimodal_late_fusion,1,val,vad,16,0.005,
3,1724390533,4,0.007527315989,CND_multimodal_late_fusion,1,val,vad,16,0.005,
4,1724400350,5,0.00758725917,CND_multimodal_late_fusion,1,val,vad,16,0.005,
5,1724410117,6,0.00765905669,CND_multimodal_late_fusion,1,val,vad,16,0.005,
6,1724419967,7,0.008013383485,CND_multimodal_late_fusion,1,val,vad,16,0.005,
7,1724429822,8,0.008277844638,CND_multimodal_late_fusion,1,val,vad,16,0.005,
8,1724439782,9,0.00913364999,CND_multimodal_late_fusion,1,val,vad,16,0.005,
9,1724449866,10,0.009286528453,CND_multimodal_late_fusion,1,val,vad,16,0.005,
0,1724656723,1,0.007702430245,CND_multimodal_late_fusion,4,val,vad,16,0.005,
1,1724666533,2,0.007443824317,CND_multimodal_late_fusion,4,val,vad,16,0.005,
2,1724676364,3,0.007430196274,CND_multimodal_late_fusion,4,val,vad,16,0.005,
3,1724686149,4,0.007330710068,CND_multimodal_late_fusion,4,val,vad,16,0.005,
4,1724695962,5,0.007332330104,CND_multimodal_late_fusion,4,val,vad,16,0.005,
5,1724705808,6,0.007239847444,CND_multimodal_late_fusion,4,val,vad,16,0.005,
6,1724715642,7,0.007267277688,CND_multimodal_late_fusion,4,val,vad,16,0.005,
7,1724725473,8,0.007212185301,CND_multimodal_late_fusion,4,val,vad,16,0.005,
8,1724735330,9,0.007219140884,CND_multimodal_late_fusion,4,val,vad,16,0.005,
9,1724745167,10,0.007240869105,CND_multimodal_late_fusion,4,val,vad,16,0.005,
0,1724558038,1,0.007815067656,CND_multimodal_late_fusion,3,val,vad,16,0.005,
1,1724567821,2,0.007673837245,CND_multimodal_late_fusion,3,val,vad,16,0.005,
2,1724577645,3,0.007519297302,CND_multimodal_late_fusion,3,val,vad,16,0.005,
3,1724587479,4,0.007514997385,CND_multimodal_late_fusion,3,val,vad,16,0.005,
4,1724597368,5,0.007635024842,CND_multimodal_late_fusion,3,val,vad,16,0.005,
5,1724607260,6,0.007430310827,CND_multimodal_late_fusion,3,val,vad,16,0.005,
6,1724617296,7,0.007436965592,CND_multimodal_late_fusion,3,val,vad,16,0.005,
7,1724627159,8,0.007428084966,CND_multimodal_late_fusion,3,val,vad,16,0.005,
8,1724637124,9,0.00736536365,CND_multimodal_late_fusion,3,val,vad,16,0.005,
9,1724646960,10,0.007443198003,CND_multimodal_late_fusion,3,val,vad,16,0.005,
0,1724459643,1,0.1241350695,CND_multimodal_late_fusion,2,val,vap,16,0.005,
1,1724469442,2,0.12271709,CND_multimodal_late_fusion,2,val,vap,16,0.005,
2,1724479230,3,0.1230972186,CND_multimodal_late_fusion,2,val,vap,16,0.005,
3,1724489032,4,0.1239220724,CND_multimodal_late_fusion,2,val,vap,16,0.005,
4,1724498841,5,0.122099638,CND_multimodal_late_fusion,2,val,vap,16,0.005,
5,1724508670,6,0.1225100607,CND_multimodal_late_fusion,2,val,vap,16,0.005,
6,1724518607,7,0.1224973351,CND_multimodal_late_fusion,2,val,vap,16,0.005,
7,1724528494,8,0.1229129955,CND_multimodal_late_fusion,2,val,vap,16,0.005,
8,1724538359,9,0.123658292,CND_multimodal_late_fusion,2,val,vap,16,0.005,
9,1724548261,10,0.1230662838,CND_multimodal_late_fusion,2,val,vap,16,0.005,
0,1724262350,1,0.1271205992,CND_multimodal_late_fusion,0,val,vap,16,0.005,
1,1724272086,2,0.1286465228,CND_multimodal_late_fusion,0,val,vap,16,0.005,
2,1724281835,3,0.126269713,CND_multimodal_late_fusion,0,val,vap,16,0.005,
3,1724291598,4,0.1268846393,CND_multimodal_late_fusion,0,val,vap,16,0.005,
4,1724301376,5,0.1251375973,CND_multimodal_late_fusion,0,val,vap,16,0.005,
5,1724311156,6,0.1260158122,CND_multimodal_late_fusion,0,val,vap,16,0.005,
6,1724321722,7,0.1256234348,CND_multimodal_late_fusion,0,val,vap,16,0.005,
7,1724331546,8,0.1230899617,CND_multimodal_late_fusion,0,val,vap,16,0.005,
8,1724341376,9,0.1230069399,CND_multimodal_late_fusion,0,val,vap,16,0.005,
9,1724351207,10,0.1238933951,CND_multimodal_late_fusion,0,val,vap,16,0.005,
0,1724361034,1,0.1189386845,CND_multimodal_late_fusion,1,val,vap,16,0.005,
1,1724370872,2,0.120648995,CND_multimodal_late_fusion,1,val,vap,16,0.005,
2,1724380713,3,0.1140522286,CND_multimodal_late_fusion,1,val,vap,16,0.005,
3,1724390533,4,0.1162432656,CND_multimodal_late_fusion,1,val,vap,16,0.005,
4,1724400350,5,0.1164284348,CND_multimodal_late_fusion,1,val,vap,16,0.005,
5,1724410117,6,0.1125663221,CND_multimodal_late_fusion,1,val,vap,16,0.005,
6,1724419967,7,0.1219975948,CND_multimodal_late_fusion,1,val,vap,16,0.005,
7,1724429822,8,0.1183819249,CND_multimodal_late_fusion,1,val,vap,16,0.005,
8,1724439782,9,0.1204658002,CND_multimodal_late_fusion,1,val,vap,16,0.005,
9,1724449866,10,0.1208019331,CND_multimodal_late_fusion,1,val,vap,16,0.005,
0,1724656723,1,0.1227123216,CND_multimodal_late_fusion,4,val,vap,16,0.005,
1,1724666533,2,0.1232833564,CND_multimodal_late_fusion,4,val,vap,16,0.005,
2,1724676364,3,0.1226680577,CND_multimodal_late_fusion,4,val,vap,16,0.005,
3,1724686149,4,0.1219673753,CND_multimodal_late_fusion,4,val,vap,16,0.005,
4,1724695962,5,0.1214777455,CND_multimodal_late_fusion,4,val,vap,16,0.005,
5,1724705808,6,0.1191923246,CND_multimodal_late_fusion,4,val,vap,16,0.005,
6,1724715642,7,0.1213460714,CND_multimodal_late_fusion,4,val,vap,16,0.005,
7,1724725473,8,0.1174772903,CND_multimodal_late_fusion,4,val,vap,16,0.005,
8,1724735330,9,0.1181608886,CND_multimodal_late_fusion,4,val,vap,16,0.005,
9,1724745167,10,0.1193039268,CND_multimodal_late_fusion,4,val,vap,16,0.005,
0,1724558038,1,0.1148663238,CND_multimodal_late_fusion,3,val,vap,16,0.005,
1,1724567821,2,0.1104397252,CND_multimodal_late_fusion,3,val,vap,16,0.005,
2,1724577645,3,0.1092521176,CND_multimodal_late_fusion,3,val,vap,16,0.005,
3,1724587479,4,0.107605584,CND_multimodal_late_fusion,3,val,vap,16,0.005,
4,1724597368,5,0.1080917642,CND_multimodal_late_fusion,3,val,vap,16,0.005,
5,1724607260,6,0.1091985554,CND_multimodal_late_fusion,3,val,vap,16,0.005,
6,1724617296,7,0.108984597,CND_multimodal_late_fusion,3,val,vap,16,0.005,
7,1724627159,8,0.1073478162,CND_multimodal_late_fusion,3,val,vap,16,0.005,
8,1724637124,9,0.108482331,CND_multimodal_late_fusion,3,val,vap,16,0.005,
9,1724646960,10,0.1088584363,CND_multimodal_late_fusion,3,val,vap,16,0.005,
0,1724446929,1,0.05984185264,CND_multimodal_audio_only,3,train,vad,32,0.001,
1,1724451013,2,0.05725281686,CND_multimodal_audio_only,3,train,vad,32,0.001,
2,1724455104,3,0.05629177019,CND_multimodal_audio_only,3,train,vad,32,0.001,
3,1724459197,4,0.05565620959,CND_multimodal_audio_only,3,train,vad,32,0.001,
4,1724463299,5,0.05513567105,CND_multimodal_audio_only,3,train,vad,32,0.001,
5,1724467398,6,0.05472669005,CND_multimodal_audio_only,3,train,vad,32,0.001,
6,1724471495,7,0.05439146608,CND_multimodal_audio_only,3,train,vad,32,0.001,
7,1724475595,8,0.05407506973,CND_multimodal_audio_only,3,train,vad,32,0.001,
8,1724479689,9,0.05380221829,CND_multimodal_audio_only,3,train,vad,32,0.001,
9,1724483791,10,0.05355417356,CND_multimodal_audio_only,3,train,vad,32,0.001,
0,1724405989,1,0.05963689461,CND_multimodal_audio_only,2,train,vad,32,0.001,
1,1724410067,2,0.05710963905,CND_multimodal_audio_only,2,train,vad,32,0.001,
2,1724414173,3,0.05619791523,CND_multimodal_audio_only,2,train,vad,32,0.001,
3,1724418256,4,0.05559947714,CND_multimodal_audio_only,2,train,vad,32,0.001,
4,1724422345,5,0.05512207374,CND_multimodal_audio_only,2,train,vad,32,0.001,
5,1724426436,6,0.05476641282,CND_multimodal_audio_only,2,train,vad,32,0.001,
6,1724430531,7,0.05446220189,CND_multimodal_audio_only,2,train,vad,32,0.001,
7,1724434622,8,0.0541774258,CND_multimodal_audio_only,2,train,vad,32,0.001,
8,1724438710,9,0.05392633006,CND_multimodal_audio_only,2,train,vad,32,0.001,
9,1724442809,10,0.0536935702,CND_multimodal_audio_only,2,train,vad,32,0.001,
0,1724364930,1,0.0597262457,CND_multimodal_audio_only,1,train,vad,32,0.001,
1,1724369016,2,0.05721964315,CND_multimodal_audio_only,1,train,vad,32,0.001,
2,1724373122,3,0.05628775805,CND_multimodal_audio_only,1,train,vad,32,0.001,
3,1724377224,4,0.05562568083,CND_multimodal_audio_only,1,train,vad,32,0.001,
4,1724381337,5,0.05513230339,CND_multimodal_audio_only,1,train,vad,32,0.001,
5,1724385433,6,0.05471924692,CND_multimodal_audio_only,1,train,vad,32,0.001,
6,1724389543,7,0.05437511951,CND_multimodal_audio_only,1,train,vad,32,0.001,
7,1724393644,8,0.05408943444,CND_multimodal_audio_only,1,train,vad,32,0.001,
8,1724397785,9,0.05382524058,CND_multimodal_audio_only,1,train,vad,32,0.001,
9,1724401891,10,0.05355514959,CND_multimodal_audio_only,1,train,vad,32,0.001,
0,1724487881,1,0.06010243669,CND_multimodal_audio_only,4,train,vad,32,0.001,
1,1724491969,2,0.05753830075,CND_multimodal_audio_only,4,train,vad,32,0.001,
2,1724496055,3,0.05655194446,CND_multimodal_audio_only,4,train,vad,32,0.001,
3,1724500140,4,0.05587459356,CND_multimodal_audio_only,4,train,vad,32,0.001,
4,1724504232,5,0.05539979041,CND_multimodal_audio_only,4,train,vad,32,0.001,
5,1724508327,6,0.05495138094,CND_multimodal_audio_only,4,train,vad,32,0.001,
6,1724512444,7,0.05459772423,CND_multimodal_audio_only,4,train,vad,32,0.001,
7,1724516563,8,0.05428665504,CND_multimodal_audio_only,4,train,vad,32,0.001,
8,1724520717,9,0.05400507897,CND_multimodal_audio_only,4,train,vad,32,0.001,
9,1724524861,10,0.0537542142,CND_multimodal_audio_only,4,train,vad,32,0.001,
0,1724324044,1,0.0597147271,CND_multimodal_audio_only,0,train,vad,32,0.001,
1,1724328127,2,0.05719313771,CND_multimodal_audio_only,0,train,vad,32,0.001,
2,1724332201,3,0.05627254769,CND_multimodal_audio_only,0,train,vad,32,0.001,
3,1724336287,4,0.05559580028,CND_multimodal_audio_only,0,train,vad,32,0.001,
4,1724340383,5,0.05508437753,CND_multimodal_audio_only,0,train,vad,32,0.001,
5,1724344457,6,0.0546916388,CND_multimodal_audio_only,0,train,vad,32,0.001,
6,1724348554,7,0.05434435606,CND_multimodal_audio_only,0,train,vad,32,0.001,
7,1724352629,8,0.05404899642,CND_multimodal_audio_only,0,train,vad,32,0.001,
8,1724356719,9,0.05377921835,CND_multimodal_audio_only,0,train,vad,32,0.001,
9,1724360802,10,0.05353188142,CND_multimodal_audio_only,0,train,vad,32,0.001,
0,1724446929,1,0.004369999748,CND_multimodal_audio_only,3,train,vap,32,0.001,
1,1724451013,2,0.004113945179,CND_multimodal_audio_only,3,train,vap,32,0.001,
2,1724455104,3,0.004039182328,CND_multimodal_audio_only,3,train,vap,32,0.001,
3,1724459197,4,0.00398742361,CND_multimodal_audio_only,3,train,vap,32,0.001,
4,1724463299,5,0.003952913918,CND_multimodal_audio_only,3,train,vap,32,0.001,
5,1724467398,6,0.003923346754,CND_multimodal_audio_only,3,train,vap,32,0.001,
6,1724471495,7,0.003901640186,CND_multimodal_audio_only,3,train,vap,32,0.001,
7,1724475595,8,0.003881259356,CND_multimodal_audio_only,3,train,vap,32,0.001,
8,1724479689,9,0.003864885075,CND_multimodal_audio_only,3,train,vap,32,0.001,
9,1724483791,10,0.003849721747,CND_multimodal_audio_only,3,train,vap,32,0.001,
0,1724405989,1,0.004397531506,CND_multimodal_audio_only,2,train,vap,32,0.001,
1,1724410067,2,0.004137688316,CND_multimodal_audio_only,2,train,vap,32,0.001,
2,1724414173,3,0.004055000376,CND_multimodal_audio_only,2,train,vap,32,0.001,
3,1724418256,4,0.00400811201,CND_multimodal_audio_only,2,train,vap,32,0.001,
4,1724422345,5,0.003970641643,CND_multimodal_audio_only,2,train,vap,32,0.001,
5,1724426436,6,0.003943125717,CND_multimodal_audio_only,2,train,vap,32,0.001,
6,1724430531,7,0.003920433577,CND_multimodal_audio_only,2,train,vap,32,0.001,
7,1724434622,8,0.003901558463,CND_multimodal_audio_only,2,train,vap,32,0.001,
8,1724438710,9,0.003884803271,CND_multimodal_audio_only,2,train,vap,32,0.001,
9,1724442809,10,0.00386975985,CND_multimodal_audio_only,2,train,vap,32,0.001,
0,1724487881,1,0.004396037664,CND_multimodal_audio_only,4,train,vap,32,0.001,
1,1724491969,2,0.004142154474,CND_multimodal_audio_only,4,train,vap,32,0.001,
2,1724496055,3,0.004063989967,CND_multimodal_audio_only,4,train,vap,32,0.001,
3,1724500140,4,0.004014042206,CND_multimodal_audio_only,4,train,vap,32,0.001,
4,1724504232,5,0.003978098277,CND_multimodal_audio_only,4,train,vap,32,0.001,
5,1724508327,6,0.003946742974,CND_multimodal_audio_only,4,train,vap,32,0.001,
6,1724512444,7,0.003924552817,CND_multimodal_audio_only,4,train,vap,32,0.001,
7,1724516563,8,0.003905820427,CND_multimodal_audio_only,4,train,vap,32,0.001,
8,1724520717,9,0.003887422383,CND_multimodal_audio_only,4,train,vap,32,0.001,
9,1724524861,10,0.003872998757,CND_multimodal_audio_only,4,train,vap,32,0.001,
0,1724324044,1,0.004372858442,CND_multimodal_audio_only,0,train,vap,32,0.001,
1,1724328127,2,0.004115053918,CND_multimodal_audio_only,0,train,vap,32,0.001,
2,1724332201,3,0.004037744831,CND_multimodal_audio_only,0,train,vap,32,0.001,
3,1724336287,4,0.003987609874,CND_multimodal_audio_only,0,train,vap,32,0.001,
4,1724340383,5,0.003951036837,CND_multimodal_audio_only,0,train,vap,32,0.001,
5,1724344457,6,0.003921135794,CND_multimodal_audio_only,0,train,vap,32,0.001,
6,1724348554,7,0.003899160773,CND_multimodal_audio_only,0,train,vap,32,0.001,
7,1724352629,8,0.003876095172,CND_multimodal_audio_only,0,train,vap,32,0.001,
8,1724356719,9,0.003858766053,CND_multimodal_audio_only,0,train,vap,32,0.001,
9,1724360802,10,0.003844386898,CND_multimodal_audio_only,0,train,vap,32,0.001,
0,1724364930,1,0.00437204726,CND_multimodal_audio_only,1,train,vap,32,0.001,
1,1724369016,2,0.004110698123,CND_multimodal_audio_only,1,train,vap,32,0.001,
2,1724373122,3,0.00403499091,CND_multimodal_audio_only,1,train,vap,32,0.001,
3,1724377224,4,0.003986502998,CND_multimodal_audio_only,1,train,vap,32,0.001,
4,1724381337,5,0.003949847538,CND_multimodal_audio_only,1,train,vap,32,0.001,
5,1724385433,6,0.003919855691,CND_multimodal_audio_only,1,train,vap,32,0.001,
6,1724389543,7,0.003897397313,CND_multimodal_audio_only,1,train,vap,32,0.001,
7,1724393644,8,0.00387931522,CND_multimodal_audio_only,1,train,vap,32,0.001,
8,1724397785,9,0.003862626385,CND_multimodal_audio_only,1,train,vap,32,0.001,
9,1724401891,10,0.003847204149,CND_multimodal_audio_only,1,train,vap,32,0.001,
0,1724365402,1,0.004169110209,CND_multimodal_audio_only,1,val,vad,32,0.001,
1,1724369494,2,0.004100418184,CND_multimodal_audio_only,1,val,vad,32,0.001,
2,1724373596,3,0.004122316372,CND_multimodal_audio_only,1,val,vad,32,0.001,
3,1724377709,4,0.004070493858,CND_multimodal_audio_only,1,val,vad,32,0.001,
4,1724381812,5,0.004061702639,CND_multimodal_audio_only,1,val,vad,32,0.001,
5,1724385920,6,0.004037685227,CND_multimodal_audio_only,1,val,vad,32,0.001,
6,1724390020,7,0.004076661542,CND_multimodal_audio_only,1,val,vad,32,0.001,
7,1724394153,8,0.004029409494,CND_multimodal_audio_only,1,val,vad,32,0.001,
8,1724398261,9,0.004047702998,CND_multimodal_audio_only,1,val,vad,32,0.001,
9,1724402405,10,0.004082447384,CND_multimodal_audio_only,1,val,vad,32,0.001,
0,1724488374,1,0.004061806947,CND_multimodal_audio_only,4,val,vad,32,0.001,
1,1724492463,2,0.004061393905,CND_multimodal_audio_only,4,val,vad,32,0.001,
2,1724496549,3,0.003974914551,CND_multimodal_audio_only,4,val,vad,32,0.001,
3,1724500634,4,0.003945520148,CND_multimodal_audio_only,4,val,vad,32,0.001,
4,1724504732,5,0.003956856672,CND_multimodal_audio_only,4,val,vad,32,0.001,
5,1724508835,6,0.003936167806,CND_multimodal_audio_only,4,val,vad,32,0.001,
6,1724512962,7,0.003912391607,CND_multimodal_audio_only,4,val,vad,32,0.001,
7,1724517105,8,0.003957942128,CND_multimodal_audio_only,4,val,vad,32,0.001,
8,1724521259,9,0.004060412291,CND_multimodal_audio_only,4,val,vad,32,0.001,
9,1724525422,10,0.003903123317,CND_multimodal_audio_only,4,val,vad,32,0.001,
0,1724324544,1,0.00426891353,CND_multimodal_audio_only,0,val,vad,32,0.001,
1,1724328624,2,0.004173064604,CND_multimodal_audio_only,0,val,vad,32,0.001,
2,1724332698,3,0.004165464081,CND_multimodal_audio_only,0,val,vad,32,0.001,
3,1724336798,4,0.00411894545,CND_multimodal_audio_only,0,val,vad,32,0.001,
4,1724340880,5,0.004145624582,CND_multimodal_audio_only,0,val,vad,32,0.001,
5,1724344975,6,0.00408795476,CND_multimodal_audio_only,0,val,vad,32,0.001,
6,1724349054,7,0.004114023875,CND_multimodal_audio_only,0,val,vad,32,0.001,
7,1724353144,8,0.004132378381,CND_multimodal_audio_only,0,val,vad,32,0.001,
8,1724357227,9,0.004107130226,CND_multimodal_audio_only,0,val,vad,32,0.001,
9,1724361313,10,0.004092869814,CND_multimodal_audio_only,0,val,vad,32,0.001,
0,1724447419,1,0.004204396624,CND_multimodal_audio_only,3,val,vad,32,0.001,
1,1724451504,2,0.004111786839,CND_multimodal_audio_only,3,val,vad,32,0.001,
2,1724455593,3,0.004110591486,CND_multimodal_audio_only,3,val,vad,32,0.001,
3,1724459689,4,0.004059236031,CND_multimodal_audio_only,3,val,vad,32,0.001,
4,1724463790,5,0.004149963148,CND_multimodal_audio_only,3,val,vad,32,0.001,
5,1724467888,6,0.00402736431,CND_multimodal_audio_only,3,val,vad,32,0.001,
6,1724471988,7,0.004056945909,CND_multimodal_audio_only,3,val,vad,32,0.001,
7,1724476086,8,0.004048706964,CND_multimodal_audio_only,3,val,vad,32,0.001,
8,1724480185,9,0.00406527333,CND_multimodal_audio_only,3,val,vad,32,0.001,
9,1724484283,10,0.004059865139,CND_multimodal_audio_only,3,val,vad,32,0.001,
0,1724406485,1,0.004192627501,CND_multimodal_audio_only,2,val,vad,32,0.001,
1,1724410578,2,0.004091174342,CND_multimodal_audio_only,2,val,vad,32,0.001,
2,1724414668,3,0.00403461419,CND_multimodal_audio_only,2,val,vad,32,0.001,
3,1724418753,4,0.004047071096,CND_multimodal_audio_only,2,val,vad,32,0.001,
4,1724422840,5,0.004027029965,CND_multimodal_audio_only,2,val,vad,32,0.001,
5,1724426939,6,0.004000287503,CND_multimodal_audio_only,2,val,vad,32,0.001,
6,1724431029,7,0.004042620305,CND_multimodal_audio_only,2,val,vad,32,0.001,
7,1724435121,8,0.003983067349,CND_multimodal_audio_only,2,val,vad,32,0.001,
8,1724439211,9,0.003992559388,CND_multimodal_audio_only,2,val,vad,32,0.001,
9,1724443324,10,0.004015698098,CND_multimodal_audio_only,2,val,vad,32,0.001,
0,1724406485,1,0.06385722011,CND_multimodal_audio_only,2,val,vap,32,0.001,
1,1724410578,2,0.0628888756,CND_multimodal_audio_only,2,val,vap,32,0.001,
2,1724414668,3,0.06056147441,CND_multimodal_audio_only,2,val,vap,32,0.001,
3,1724418753,4,0.05955306813,CND_multimodal_audio_only,2,val,vap,32,0.001,
4,1724422840,5,0.06081050634,CND_multimodal_audio_only,2,val,vap,32,0.001,
5,1724426939,6,0.05899204686,CND_multimodal_audio_only,2,val,vap,32,0.001,
6,1724431029,7,0.0595436357,CND_multimodal_audio_only,2,val,vap,32,0.001,
7,1724435121,8,0.06079608947,CND_multimodal_audio_only,2,val,vap,32,0.001,
8,1724439211,9,0.05951839685,CND_multimodal_audio_only,2,val,vap,32,0.001,
9,1724443324,10,0.06084024534,CND_multimodal_audio_only,2,val,vap,32,0.001,
0,1724447419,1,0.05791543424,CND_multimodal_audio_only,3,val,vap,32,0.001,
1,1724451504,2,0.05690922216,CND_multimodal_audio_only,3,val,vap,32,0.001,
2,1724455593,3,0.05720565096,CND_multimodal_audio_only,3,val,vap,32,0.001,
3,1724459689,4,0.05801746622,CND_multimodal_audio_only,3,val,vap,32,0.001,
4,1724463790,5,0.05756521598,CND_multimodal_audio_only,3,val,vap,32,0.001,
5,1724467888,6,0.05820134655,CND_multimodal_audio_only,3,val,vap,32,0.001,
6,1724471988,7,0.05727658793,CND_multimodal_audio_only,3,val,vap,32,0.001,
7,1724476086,8,0.05760265142,CND_multimodal_audio_only,3,val,vap,32,0.001,
8,1724480185,9,0.05699116737,CND_multimodal_audio_only,3,val,vap,32,0.001,
9,1724484283,10,0.05856689811,CND_multimodal_audio_only,3,val,vap,32,0.001,
0,1724488374,1,0.05778929964,CND_multimodal_audio_only,4,val,vap,32,0.001,
1,1724492463,2,0.05714095756,CND_multimodal_audio_only,4,val,vap,32,0.001,
2,1724496549,3,0.05600067601,CND_multimodal_audio_only,4,val,vap,32,0.001,
3,1724500634,4,0.05611458793,CND_multimodal_audio_only,4,val,vap,32,0.001,
4,1724504732,5,0.05543613806,CND_multimodal_audio_only,4,val,vap,32,0.001,
5,1724508835,6,0.05577537417,CND_multimodal_audio_only,4,val,vap,32,0.001,
6,1724512962,7,0.05516724661,CND_multimodal_audio_only,4,val,vap,32,0.001,
7,1724517105,8,0.05544158444,CND_multimodal_audio_only,4,val,vap,32,0.001,
8,1724521259,9,0.0564071089,CND_multimodal_audio_only,4,val,vap,32,0.001,
9,1724525422,10,0.05566322803,CND_multimodal_audio_only,4,val,vap,32,0.001,
0,1724324544,1,0.05895911157,CND_multimodal_audio_only,0,val,vap,32,0.001,
1,1724328624,2,0.05818928033,CND_multimodal_audio_only,0,val,vap,32,0.001,
2,1724332698,3,0.05766612664,CND_multimodal_audio_only,0,val,vap,32,0.001,
3,1724336798,4,0.05774796009,CND_multimodal_audio_only,0,val,vap,32,0.001,
4,1724340880,5,0.0592235364,CND_multimodal_audio_only,0,val,vap,32,0.001,
5,1724344975,6,0.05758184195,CND_multimodal_audio_only,0,val,vap,32,0.001,
6,1724349054,7,0.05738032609,CND_multimodal_audio_only,0,val,vap,32,0.001,
7,1724353144,8,0.05708914623,CND_multimodal_audio_only,0,val,vap,32,0.001,
8,1724357227,9,0.05701353028,CND_multimodal_audio_only,0,val,vap,32,0.001,
9,1724361313,10,0.05736485124,CND_multimodal_audio_only,0,val,vap,32,0.001,
0,1724365402,1,0.05837773904,CND_multimodal_audio_only,1,val,vap,32,0.001,
1,1724369494,2,0.05788116902,CND_multimodal_audio_only,1,val,vap,32,0.001,
2,1724373596,3,0.05726566538,CND_multimodal_audio_only,1,val,vap,32,0.001,
3,1724377709,4,0.05659532174,CND_multimodal_audio_only,1,val,vap,32,0.001,
4,1724381812,5,0.05812584981,CND_multimodal_audio_only,1,val,vap,32,0.001,
5,1724385920,6,0.05622503906,CND_multimodal_audio_only,1,val,vap,32,0.001,
6,1724390020,7,0.05732956156,CND_multimodal_audio_only,1,val,vap,32,0.001,
7,1724394153,8,0.05722904578,CND_multimodal_audio_only,1,val,vap,32,0.001,
8,1724398261,9,0.05648392439,CND_multimodal_audio_only,1,val,vap,32,0.001,
9,1724402405,10,0.05742368102,CND_multimodal_audio_only,1,val,vap,32,0.001,
0,1721286970,1,0.06502500176,CND,1,train,vad,32,0.001,
1,1721293293,2,0.06169786304,CND,1,train,vad,32,0.001,
2,1721299150,3,0.06066249311,CND,1,train,vad,32,0.001,
3,1721305021,4,0.06001071632,CND,1,train,vad,32,0.001,
4,1721310922,5,0.05949922279,CND,1,train,vad,32,0.001,
5,1721316812,6,0.05905391276,CND,1,train,vad,32,0.001,
6,1721322697,7,0.05869553983,CND,1,train,vad,32,0.001,
7,1721328584,8,0.05834823847,CND,1,train,vad,32,0.001,
0,1721346191,1,0.06485162675,CND,2,train,vad,32,0.001,
1,1721352045,2,0.06168594956,CND,2,train,vad,32,0.001,
2,1721357899,3,0.06072379649,CND,2,train,vad,32,0.001,
3,1721363764,4,0.06007336453,CND,2,train,vad,32,0.001,
4,1721369626,5,0.0595824942,CND,2,train,vad,32,0.001,
5,1721375485,6,0.05915369838,CND,2,train,vad,32,0.001,
6,1721381347,7,0.05879313499,CND,2,train,vad,32,0.001,
7,1721387251,8,0.05846970528,CND,2,train,vad,32,0.001,
8,1721393120,9,0.05815178901,CND,2,train,vad,32,0.001,
0,1721463678,1,0.06464216858,CND,4,train,vad,32,0.001,
1,1721469565,2,0.06131028756,CND,4,train,vad,32,0.001,
2,1721475441,3,0.06036961451,CND,4,train,vad,32,0.001,
3,1721481322,4,0.05971039459,CND,4,train,vad,32,0.001,
4,1721487196,5,0.05919232965,CND,4,train,vad,32,0.001,
5,1721493073,6,0.05875895917,CND,4,train,vad,32,0.001,
6,1721498954,7,0.05839039385,CND,4,train,vad,32,0.001,
7,1721504832,8,0.05804023519,CND,4,train,vad,32,0.001,
8,1721510710,9,0.05773963407,CND,4,train,vad,32,0.001,
9,1721516585,10,0.05744341016,CND,4,train,vad,32,0.001,
0,1721404875,1,0.0651524961,CND,3,train,vad,32,0.001,
1,1721410753,2,0.06130076572,CND,3,train,vad,32,0.001,
2,1721416635,3,0.06025495753,CND,3,train,vad,32,0.001,
3,1721422510,4,0.05957994983,CND,3,train,vad,32,0.001,
4,1721428393,5,0.05905997753,CND,3,train,vad,32,0.001,
5,1721434273,6,0.05863840133,CND,3,train,vad,32,0.001,
6,1721440153,7,0.05826318637,CND,3,train,vad,32,0.001,
7,1721446026,8,0.05793611705,CND,3,train,vad,32,0.001,
8,1721451902,9,0.05763062462,CND,3,train,vad,32,0.001,
9,1721457781,10,0.05733979121,CND,3,train,vad,32,0.001,
0,1721228447,1,0.06539860368,CND,0,train,vad,32,0.001,
1,1721234301,2,0.06167387217,CND,0,train,vad,32,0.001,
2,1721240150,3,0.06056369469,CND,0,train,vad,32,0.001,
3,1721245999,4,0.05988300592,CND,0,train,vad,32,0.001,
4,1721251850,5,0.05935781822,CND,0,train,vad,32,0.001,
5,1721257701,6,0.05893745646,CND,0,train,vad,32,0.001,
6,1721263555,7,0.05854742229,CND,0,train,vad,32,0.001,
7,1721269404,8,0.05819512159,CND,0,train,vad,32,0.001,
0,1721463678,1,0.004751375411,CND,4,train,vap,32,0.001,
1,1721469565,2,0.004447597079,CND,4,train,vap,32,0.001,
2,1721475441,3,0.004340720363,CND,4,train,vap,32,0.001,
3,1721481322,4,0.004269209225,CND,4,train,vap,32,0.001,
4,1721487196,5,0.004217304755,CND,4,train,vap,32,0.001,
5,1721493073,6,0.00417438196,CND,4,train,vap,32,0.001,
6,1721498954,7,0.004140098114,CND,4,train,vap,32,0.001,
7,1721504832,8,0.004109543748,CND,4,train,vap,32,0.001,
8,1721510710,9,0.004083703738,CND,4,train,vap,32,0.001,
9,1721516585,10,0.004060705658,CND,4,train,vap,32,0.001,
0,1721346191,1,0.004786950536,CND,2,train,vap,32,0.001,
1,1721352045,2,0.004466910847,CND,2,train,vap,32,0.001,
2,1721357899,3,0.004354889039,CND,2,train,vap,32,0.001,
3,1721363764,4,0.004283365794,CND,2,train,vap,32,0.001,
4,1721369626,5,0.004231272265,CND,2,train,vap,32,0.001,
5,1721375485,6,0.004189657513,CND,2,train,vap,32,0.001,
6,1721381347,7,0.004155730363,CND,2,train,vap,32,0.001,
7,1721387251,8,0.004127123859,CND,2,train,vap,32,0.001,
8,1721393120,9,0.004100760911,CND,2,train,vap,32,0.001,
9,1721398996,10,0.004077855963,CND,2,train,vap,32,0.001,
0,1721228447,1,0.004776057322,CND,0,train,vap,32,0.001,
1,1721234301,2,0.004476517439,CND,0,train,vap,32,0.001,
2,1721240150,3,0.004366398789,CND,0,train,vap,32,0.001,
3,1721245999,4,0.004293252248,CND,0,train,vap,32,0.001,
4,1721251850,5,0.004238806199,CND,0,train,vap,32,0.001,
5,1721257701,6,0.00419297209,CND,0,train,vap,32,0.001,
6,1721263555,7,0.004157134332,CND,0,train,vap,32,0.001,
7,1721269404,8,0.004124055617,CND,0,train,vap,32,0.001,
8,1721275258,9,0.00409703888,CND,0,train,vap,32,0.001,
9,1721281110,10,0.00407282589,CND,0,train,vap,32,0.001,
0,1721404875,1,0.004751629196,CND,3,train,vap,32,0.001,
1,1721410753,2,0.004442371428,CND,3,train,vap,32,0.001,
2,1721416635,3,0.004334287252,CND,3,train,vap,32,0.001,
3,1721422510,4,0.004262989853,CND,3,train,vap,32,0.001,
4,1721428393,5,0.004211380146,CND,3,train,vap,32,0.001,
5,1721434273,6,0.004169113934,CND,3,train,vap,32,0.001,
6,1721440153,7,0.004133901559,CND,3,train,vap,32,0.001,
7,1721446026,8,0.004103712272,CND,3,train,vap,32,0.001,
8,1721451902,9,0.00407830067,CND,3,train,vap,32,0.001,
9,1721457781,10,0.004053798039,CND,3,train,vap,32,0.001,
0,1721286970,1,0.004794364329,CND,1,train,vap,32,0.001,
1,1721293293,2,0.004482972901,CND,1,train,vap,32,0.001,
2,1721299150,3,0.004368821159,CND,1,train,vap,32,0.001,
3,1721305021,4,0.00429783063,CND,1,train,vap,32,0.001,
4,1721310922,5,0.004246055614,CND,1,train,vap,32,0.001,
5,1721316812,6,0.004204163328,CND,1,train,vap,32,0.001,
6,1721322697,7,0.004169789143,CND,1,train,vap,32,0.001,
7,1721328584,8,0.004139001481,CND,1,train,vap,32,0.001,
8,1721334465,9,0.004113561474,CND,1,train,vap,32,0.001,
9,1721340348,10,0.004089328926,CND,1,train,vap,32,0.001,
0,1721405576,1,0.004622062203,CND,3,val,vad,32,0.001,
1,1721411460,2,0.004464851227,CND,3,val,vad,32,0.001,
2,1721417337,3,0.004386567045,CND,3,val,vad,32,0.001,
3,1721423212,4,0.004344086163,CND,3,val,vad,32,0.001,
4,1721429093,5,0.004296714906,CND,3,val,vad,32,0.001,
5,1721434973,6,0.00429382408,CND,3,val,vad,32,0.001,
6,1721440852,7,0.004278245848,CND,3,val,vad,32,0.001,
7,1721446727,8,0.004270956852,CND,3,val,vad,32,0.001,
8,1721452604,9,0.0042604669,CND,3,val,vad,32,0.001,
9,1721458480,10,0.004272150807,CND,3,val,vad,32,0.001,
0,1721346890,1,0.004557179287,CND,2,val,vad,32,0.001,
1,1721352744,2,0.004346440546,CND,2,val,vad,32,0.001,
2,1721358605,3,0.004277422093,CND,2,val,vad,32,0.001,
3,1721364464,4,0.004271016922,CND,2,val,vad,32,0.001,
4,1721370324,5,0.004193805158,CND,2,val,vad,32,0.001,
5,1721376185,6,0.004172415473,CND,2,val,vad,32,0.001,
6,1721382049,7,0.004153636284,CND,2,val,vad,32,0.001,
7,1721387951,8,0.004157148302,CND,2,val,vad,32,0.001,
8,1721393822,9,0.00414218707,CND,2,val,vad,32,0.001,
9,1721399699,10,0.004137571901,CND,2,val,vad,32,0.001,
0,1721287647,1,0.004419445992,CND,1,val,vad,32,0.001,
1,1721293971,2,0.004294444807,CND,1,val,vad,32,0.001,
2,1721299828,3,0.004213018343,CND,1,val,vad,32,0.001,
3,1721305708,4,0.004176978488,CND,1,val,vad,32,0.001,
4,1721311603,5,0.00413452182,CND,1,val,vad,32,0.001,
5,1721317491,6,0.004120030906,CND,1,val,vad,32,0.001,
6,1721323379,7,0.004137309268,CND,1,val,vad,32,0.001,
7,1721329265,8,0.004085168708,CND,1,val,vad,32,0.001,
8,1721335146,9,0.004095682409,CND,1,val,vad,32,0.001,
9,1721341029,10,0.004135203548,CND,1,val,vad,32,0.001,
0,1721464371,1,0.004534208681,CND,4,val,vad,32,0.001,
1,1721470255,2,0.004406465683,CND,4,val,vad,32,0.001,
2,1721476130,3,0.004334632307,CND,4,val,vad,32,0.001,
3,1721482008,4,0.004291576333,CND,4,val,vad,32,0.001,
4,1721487885,5,0.004280554131,CND,4,val,vad,32,0.001,
5,1721493763,6,0.004251506645,CND,4,val,vad,32,0.001,
6,1721499643,7,0.004217745271,CND,4,val,vad,32,0.001,
7,1721505521,8,0.004217907786,CND,4,val,vad,32,0.001,
8,1721511399,9,0.004205954727,CND,4,val,vad,32,0.001,
9,1721517273,10,0.004203193821,CND,4,val,vad,32,0.001,
0,1721229125,1,0.004570120946,CND,0,val,vad,32,0.001,
1,1721234979,2,0.004435155075,CND,0,val,vad,32,0.001,
2,1721240828,3,0.004351305775,CND,0,val,vad,32,0.001,
3,1721246677,4,0.004345128313,CND,0,val,vad,32,0.001,
4,1721252529,5,0.004300970584,CND,0,val,vad,32,0.001,
5,1721258380,6,0.004259275272,CND,0,val,vad,32,0.001,
6,1721264235,7,0.004246270284,CND,0,val,vad,32,0.001,
7,1721270083,8,0.004241686314,CND,0,val,vad,32,0.001,
8,1721275937,9,0.004219985101,CND,0,val,vad,32,0.001,
9,1721281790,10,0.004198106471,CND,0,val,vad,32,0.001,
0,1721464371,1,0.0689753145,CND,4,val,vap,32,0.001,
1,1721470255,2,0.06739792228,CND,4,val,vap,32,0.001,
2,1721476130,3,0.06706082821,CND,4,val,vap,32,0.001,
3,1721482008,4,0.06727558374,CND,4,val,vap,32,0.001,
4,1721487885,5,0.06807781011,CND,4,val,vap,32,0.001,
5,1721493763,6,0.06514747441,CND,4,val,vap,32,0.001,
6,1721499643,7,0.06617823243,CND,4,val,vap,32,0.001,
7,1721505521,8,0.06689905375,CND,4,val,vap,32,0.001,
8,1721511399,9,0.0668771714,CND,4,val,vap,32,0.001,
9,1721517273,10,0.06612870097,CND,4,val,vap,32,0.001,
0,1721405576,1,0.06850019097,CND,3,val,vap,32,0.001,
1,1721411460,2,0.06846307963,CND,3,val,vap,32,0.001,
2,1721417337,3,0.06775814295,CND,3,val,vap,32,0.001,
3,1721423212,4,0.06805060804,CND,3,val,vap,32,0.001,
4,1721429093,5,0.06781895459,CND,3,val,vap,32,0.001,
5,1721434973,6,0.06851636618,CND,3,val,vap,32,0.001,
6,1721440852,7,0.06756906956,CND,3,val,vap,32,0.001,
7,1721446727,8,0.06782564521,CND,3,val,vap,32,0.001,
8,1721452604,9,0.06788469106,CND,3,val,vap,32,0.001,
9,1721458480,10,0.06812819093,CND,3,val,vap,32,0.001,
0,1721229125,1,0.0699538812,CND,0,val,vap,32,0.001,
1,1721234979,2,0.06897592545,CND,0,val,vap,32,0.001,
2,1721240828,3,0.06811255217,CND,0,val,vap,32,0.001,
3,1721246677,4,0.06818003953,CND,0,val,vap,32,0.001,
4,1721252529,5,0.06816117465,CND,0,val,vap,32,0.001,
5,1721258380,6,0.0674668029,CND,0,val,vap,32,0.001,
6,1721264235,7,0.06721691787,CND,0,val,vap,32,0.001,
7,1721270083,8,0.06749320775,CND,0,val,vap,32,0.001,
8,1721275937,9,0.06739702821,CND,0,val,vap,32,0.001,
9,1721281790,10,0.06745712459,CND,0,val,vap,32,0.001,
0,1721346890,1,0.06589583308,CND,2,val,vap,32,0.001,
1,1721352744,2,0.06575306505,CND,2,val,vap,32,0.001,
2,1721358605,3,0.065115951,CND,2,val,vap,32,0.001,
3,1721364464,4,0.06391458958,CND,2,val,vap,32,0.001,
4,1721370324,5,0.06419337541,CND,2,val,vap,32,0.001,
5,1721376185,6,0.06436794251,CND,2,val,vap,32,0.001,
6,1721382049,7,0.064947173,CND,2,val,vap,32,0.001,
7,1721387951,8,0.06433676183,CND,2,val,vap,32,0.001,
8,1721393822,9,0.06386279315,CND,2,val,vap,32,0.001,
9,1721399699,10,0.06539456546,CND,2,val,vap,32,0.001,
0,1721287647,1,0.06698614359,CND,1,val,vap,32,0.001,
1,1721293971,2,0.06646532565,CND,1,val,vap,32,0.001,
2,1721299828,3,0.06512273848,CND,1,val,vap,32,0.001,
3,1721305708,4,0.06621669233,CND,1,val,vap,32,0.001,
4,1721311603,5,0.06611217558,CND,1,val,vap,32,0.001,
5,1721317491,6,0.06548009813,CND,1,val,vap,32,0.001,
6,1721323379,7,0.0664934516,CND,1,val,vap,32,0.001,
7,1721329265,8,0.06539908051,CND,1,val,vap,32,0.001,
8,1721335146,9,0.06568482518,CND,1,val,vap,32,0.001,
9,1721341029,10,0.06618026644,CND,1,val,vap,32,0.001,
0,1721140451,1,0.0852503702,SWB_GT,0,train,vad,32,0.001,
1,1721143659,2,0.07933846861,SWB_GT,0,train,vad,32,0.001,
2,1721146815,3,0.07820665836,SWB_GT,0,train,vad,32,0.001,
3,1721150026,4,0.07752855867,SWB_GT,0,train,vad,32,0.001,
4,1721153186,5,0.07700307667,SWB_GT,0,train,vad,32,0.001,
5,1721156391,6,0.07651909441,SWB_GT,0,train,vad,32,0.001,
6,1721159543,7,0.07616147399,SWB_GT,0,train,vad,32,0.001,
7,1721162756,8,0.07581215352,SWB_GT,0,train,vad,32,0.001,
8,1721165914,9,0.07546260208,SWB_GT,0,train,vad,32,0.001,
9,1721169122,10,0.0751792118,SWB_GT,0,train,vad,32,0.001,
0,1721172278,1,0.08500160277,SWB_GT,1,train,vad,32,0.001,
1,1721175483,2,0.07907033712,SWB_GT,1,train,vad,32,0.001,
2,1721178638,3,0.07781465352,SWB_GT,1,train,vad,32,0.001,
3,1721181844,4,0.07705679536,SWB_GT,1,train,vad,32,0.001,
4,1721184988,5,0.07646214217,SWB_GT,1,train,vad,32,0.001,
5,1721188212,6,0.07599151134,SWB_GT,1,train,vad,32,0.001,
6,1721191361,7,0.07557144016,SWB_GT,1,train,vad,32,0.001,
7,1721194557,8,0.0751741007,SWB_GT,1,train,vad,32,0.001,
8,1721197714,9,0.07484220713,SWB_GT,1,train,vad,32,0.001,
9,1721200920,10,0.07451438904,SWB_GT,1,train,vad,32,0.001,
0,1721268378,1,0.08511709422,SWB_GT,4,train,vad,32,0.001,
1,1721271534,2,0.07860474288,SWB_GT,4,train,vad,32,0.001,
2,1721274741,3,0.07744415849,SWB_GT,4,train,vad,32,0.001,
3,1721277895,4,0.07668548822,SWB_GT,4,train,vad,32,0.001,
4,1721281099,5,0.07615039498,SWB_GT,4,train,vad,32,0.001,
5,1721284250,6,0.07571586221,SWB_GT,4,train,vad,32,0.001,
6,1721287453,7,0.07527514547,SWB_GT,4,train,vad,32,0.001,
7,1721290601,8,0.07491804659,SWB_GT,4,train,vad,32,0.001,
8,1721294105,9,0.07460118085,SWB_GT,4,train,vad,32,0.001,
9,1721297252,10,0.07428180426,SWB_GT,4,train,vad,32,0.001,
0,1721204061,1,0.08482043445,SWB_GT,2,train,vad,32,0.001,
1,1721207244,2,0.07845997065,SWB_GT,2,train,vad,32,0.001,
2,1721210400,3,0.07729303837,SWB_GT,2,train,vad,32,0.001,
3,1721213586,4,0.07658510655,SWB_GT,2,train,vad,32,0.001,
4,1721216736,5,0.07603082806,SWB_GT,2,train,vad,32,0.001,
5,1721219893,6,0.07551075518,SWB_GT,2,train,vad,32,0.001,
6,1721223053,7,0.07508850843,SWB_GT,2,train,vad,32,0.001,
7,1721226345,8,0.074687168,SWB_GT,2,train,vad,32,0.001,
8,1721230195,9,0.0743162781,SWB_GT,2,train,vad,32,0.001,
9,1721233360,10,0.07396572083,SWB_GT,2,train,vad,32,0.001,
0,1721236551,1,0.08532147855,SWB_GT,3,train,vad,32,0.001,
1,1721239721,2,0.07892615348,SWB_GT,3,train,vad,32,0.001,
2,1721242909,3,0.07780943066,SWB_GT,3,train,vad,32,0.001,
3,1721246070,4,0.07712843269,SWB_GT,3,train,vad,32,0.001,
4,1721249260,5,0.07655762136,SWB_GT,3,train,vad,32,0.001,
5,1721252418,6,0.07612241805,SWB_GT,3,train,vad,32,0.001,
6,1721255614,7,0.07573550195,SWB_GT,3,train,vad,32,0.001,
7,1721258781,8,0.07539796084,SWB_GT,3,train,vad,32,0.001,
8,1721262005,9,0.07503852248,SWB_GT,3,train,vad,32,0.001,
9,1721265170,10,0.07479850948,SWB_GT,3,train,vad,32,0.001,
0,1721204061,1,0.003967056517,SWB_GT,2,train,vap,32,0.001,
1,1721207244,2,0.003391385311,SWB_GT,2,train,vap,32,0.001,
2,1721210400,3,0.003266607411,SWB_GT,2,train,vap,32,0.001,
3,1721213586,4,0.003194606397,SWB_GT,2,train,vap,32,0.001,
4,1721216736,5,0.003141070483,SWB_GT,2,train,vap,32,0.001,
5,1721219893,6,0.003100176575,SWB_GT,2,train,vap,32,0.001,
6,1721223053,7,0.003065831494,SWB_GT,2,train,vap,32,0.001,
7,1721226345,8,0.003039308125,SWB_GT,2,train,vap,32,0.001,
8,1721230195,9,0.003017016919,SWB_GT,2,train,vap,32,0.001,
9,1721233360,10,0.002995955059,SWB_GT,2,train,vap,32,0.001,
0,1721172278,1,0.003993090708,SWB_GT,1,train,vap,32,0.001,
1,1721175483,2,0.003469055984,SWB_GT,1,train,vap,32,0.001,
2,1721178638,3,0.003351789899,SWB_GT,1,train,vap,32,0.001,
3,1721181843,4,0.003275163472,SWB_GT,1,train,vap,32,0.001,
4,1721184988,5,0.003217396792,SWB_GT,1,train,vap,32,0.001,
5,1721188212,6,0.003171464428,SWB_GT,1,train,vap,32,0.001,
6,1721191361,7,0.00313330628,SWB_GT,1,train,vap,32,0.001,
7,1721194557,8,0.003101535374,SWB_GT,1,train,vap,32,0.001,
8,1721197714,9,0.003071374958,SWB_GT,1,train,vap,32,0.001,
9,1721200920,10,0.003051186213,SWB_GT,1,train,vap,32,0.001,
0,1721140451,1,0.003992490005,SWB_GT,0,train,vap,32,0.001,
1,1721143659,2,0.003461984452,SWB_GT,0,train,vap,32,0.001,
2,1721146815,3,0.003355870256,SWB_GT,0,train,vap,32,0.001,
3,1721150026,4,0.003283904865,SWB_GT,0,train,vap,32,0.001,
4,1721153186,5,0.003235069569,SWB_GT,0,train,vap,32,0.001,
5,1721156391,6,0.003193757264,SWB_GT,0,train,vap,32,0.001,
6,1721159543,7,0.003154581646,SWB_GT,0,train,vap,32,0.001,
7,1721162756,8,0.003125838004,SWB_GT,0,train,vap,32,0.001,
8,1721165914,9,0.003095331602,SWB_GT,0,train,vap,32,0.001,
9,1721169122,10,0.003073103493,SWB_GT,0,train,vap,32,0.001,
0,1721268378,1,0.003965479322,SWB_GT,4,train,vap,32,0.001,
1,1721271534,2,0.003423359245,SWB_GT,4,train,vap,32,0.001,
2,1721274741,3,0.003306417726,SWB_GT,4,train,vap,32,0.001,
3,1721277895,4,0.003230779665,SWB_GT,4,train,vap,32,0.001,
4,1721281099,5,0.003177305683,SWB_GT,4,train,vap,32,0.001,
5,1721284250,6,0.00313577964,SWB_GT,4,train,vap,32,0.001,
6,1721287453,7,0.003101391252,SWB_GT,4,train,vap,32,0.001,
7,1721290601,8,0.003071754007,SWB_GT,4,train,vap,32,0.001,
8,1721294105,9,0.003047580598,SWB_GT,4,train,vap,32,0.001,
9,1721297252,10,0.003022979014,SWB_GT,4,train,vap,32,0.001,
0,1721236551,1,0.004007382318,SWB_GT,3,train,vap,32,0.001,
1,1721239721,2,0.003453578567,SWB_GT,3,train,vap,32,0.001,
2,1721242909,3,0.003349478124,SWB_GT,3,train,vap,32,0.001,
3,1721246070,4,0.003277342534,SWB_GT,3,train,vap,32,0.001,
4,1721249260,5,0.003223610343,SWB_GT,3,train,vap,32,0.001,
5,1721252418,6,0.00318342587,SWB_GT,3,train,vap,32,0.001,
6,1721255614,7,0.003146891948,SWB_GT,3,train,vap,32,0.001,
7,1721258781,8,0.003118864261,SWB_GT,3,train,vap,32,0.001,
8,1721262005,9,0.00309314765,SWB_GT,3,train,vap,32,0.001,
9,1721265170,10,0.003066769568,SWB_GT,3,train,vap,32,0.001,
0,1721236949,1,0.00353447767,SWB_GT,3,val,vad,32,0.001,
1,1721240096,2,0.003382578492,SWB_GT,3,val,vad,32,0.001,
2,1721243302,3,0.003323708195,SWB_GT,3,val,vad,32,0.001,
3,1721246443,4,0.003249787027,SWB_GT,3,val,vad,32,0.001,
4,1721249647,5,0.00321592926,SWB_GT,3,val,vad,32,0.001,
5,1721252791,6,0.003188514384,SWB_GT,3,val,vad,32,0.001,
6,1721255989,7,0.003156778635,SWB_GT,3,val,vad,32,0.001,
7,1721259156,8,0.003220898565,SWB_GT,3,val,vad,32,0.001,
8,1721262381,9,0.003137268126,SWB_GT,3,val,vad,32,0.001,
9,1721265545,10,0.003108224133,SWB_GT,3,val,vad,32,0.001,
0,1721268759,1,0.003693275386,SWB_GT,4,val,vad,32,0.001,
1,1721271915,2,0.003498028032,SWB_GT,4,val,vad,32,0.001,
2,1721275121,3,0.003409253201,SWB_GT,4,val,vad,32,0.001,
3,1721278275,4,0.003331332933,SWB_GT,4,val,vad,32,0.001,
4,1721281477,5,0.003310686443,SWB_GT,4,val,vad,32,0.001,
5,1721284629,6,0.003298049094,SWB_GT,4,val,vad,32,0.001,
6,1721287831,7,0.00328110694,SWB_GT,4,val,vad,32,0.001,
7,1721291028,8,0.003239326179,SWB_GT,4,val,vad,32,0.001,
8,1721294483,9,0.003242576495,SWB_GT,4,val,vad,32,0.001,
9,1721297632,10,0.003228621325,SWB_GT,4,val,vad,32,0.001,
0,1721204484,1,0.003415004816,SWB_GT,2,val,vad,32,0.001,
1,1721207629,2,0.00325906137,SWB_GT,2,val,vad,32,0.001,
2,1721210825,3,0.003162934678,SWB_GT,2,val,vad,32,0.001,
3,1721213970,4,0.00312866224,SWB_GT,2,val,vad,32,0.001,
4,1721217159,5,0.00309874746,SWB_GT,2,val,vad,32,0.001,
5,1721220276,6,0.003064999823,SWB_GT,2,val,vad,32,0.001,
6,1721223476,7,0.003071326297,SWB_GT,2,val,vad,32,0.001,
7,1721226880,8,0.003056412097,SWB_GT,2,val,vad,32,0.001,
8,1721230609,9,0.003041874617,SWB_GT,2,val,vad,32,0.001,
9,1721233743,10,0.0030239271,SWB_GT,2,val,vad,32,0.001,
0,1721140825,1,0.00349976006,SWB_GT,0,val,vad,32,0.001,
1,1721144033,2,0.003368504113,SWB_GT,0,val,vad,32,0.001,
2,1721147190,3,0.003296053968,SWB_GT,0,val,vad,32,0.001,
3,1721150401,4,0.003251136281,SWB_GT,0,val,vad,32,0.001,
4,1721153562,5,0.003224766813,SWB_GT,0,val,vad,32,0.001,
5,1721156766,6,0.003195489757,SWB_GT,0,val,vad,32,0.001,
6,1721159907,7,0.003159311833,SWB_GT,0,val,vad,32,0.001,
7,1721163130,8,0.003173331963,SWB_GT,0,val,vad,32,0.001,
8,1721166290,9,0.003102691146,SWB_GT,0,val,vad,32,0.001,
9,1721169497,10,0.003090365324,SWB_GT,0,val,vad,32,0.001,
0,1721172659,1,0.003482617671,SWB_GT,1,val,vad,32,0.001,
1,1721175857,2,0.003337896196,SWB_GT,1,val,vad,32,0.001,
2,1721179029,3,0.003253561445,SWB_GT,1,val,vad,32,0.001,
3,1721182220,4,0.003198076738,SWB_GT,1,val,vad,32,0.001,
4,1721185400,5,0.003155628918,SWB_GT,1,val,vad,32,0.001,
5,1721188586,6,0.003135009203,SWB_GT,1,val,vad,32,0.001,
6,1721191772,7,0.003138325177,SWB_GT,1,val,vad,32,0.001,
7,1721194931,8,0.003089644248,SWB_GT,1,val,vad,32,0.001,
8,1721198125,9,0.003084366443,SWB_GT,1,val,vad,32,0.001,
9,1721201294,10,0.003047080943,SWB_GT,1,val,vad,32,0.001,
0,1721268759,1,0.07957737148,SWB_GT,4,val,vap,32,0.001,
1,1721271915,2,0.07824472338,SWB_GT,4,val,vap,32,0.001,
2,1721275121,3,0.07861767709,SWB_GT,4,val,vap,32,0.001,
3,1721278275,4,0.07813400775,SWB_GT,4,val,vap,32,0.001,
4,1721281477,5,0.07772339135,SWB_GT,4,val,vap,32,0.001,
5,1721284629,6,0.07755275071,SWB_GT,4,val,vap,32,0.001,
6,1721287831,7,0.07778075337,SWB_GT,4,val,vap,32,0.001,
7,1721291028,8,0.07756143808,SWB_GT,4,val,vap,32,0.001,
8,1721294483,9,0.07724600285,SWB_GT,4,val,vap,32,0.001,
9,1721297632,10,0.0767301172,SWB_GT,4,val,vap,32,0.001,
0,1721172659,1,0.08227401972,SWB_GT,1,val,vap,32,0.001,
1,1721175857,2,0.08376628906,SWB_GT,1,val,vap,32,0.001,
2,1721179029,3,0.08310420066,SWB_GT,1,val,vap,32,0.001,
3,1721182220,4,0.0812285617,SWB_GT,1,val,vap,32,0.001,
4,1721185400,5,0.08158537,SWB_GT,1,val,vap,32,0.001,
5,1721188586,6,0.07988680154,SWB_GT,1,val,vap,32,0.001,
6,1721191772,7,0.08051230013,SWB_GT,1,val,vap,32,0.001,
7,1721194931,8,0.08032231778,SWB_GT,1,val,vap,32,0.001,
8,1721198125,9,0.07952973247,SWB_GT,1,val,vap,32,0.001,
9,1721201294,10,0.08042598516,SWB_GT,1,val,vap,32,0.001,
0,1721140825,1,0.08376052976,SWB_GT,0,val,vap,32,0.001,
1,1721144033,2,0.08184251934,SWB_GT,0,val,vap,32,0.001,
2,1721147190,3,0.0816032961,SWB_GT,0,val,vap,32,0.001,
3,1721150401,4,0.08159085363,SWB_GT,0,val,vap,32,0.001,
4,1721153562,5,0.08020643145,SWB_GT,0,val,vap,32,0.001,
5,1721156766,6,0.07840822637,SWB_GT,0,val,vap,32,0.001,
6,1721159907,7,0.08018749952,SWB_GT,0,val,vap,32,0.001,
7,1721163130,8,0.08066418767,SWB_GT,0,val,vap,32,0.001,
8,1721166290,9,0.07963818312,SWB_GT,0,val,vap,32,0.001,
9,1721169497,10,0.08017706126,SWB_GT,0,val,vap,32,0.001,
0,1721236949,1,0.08214298636,SWB_GT,3,val,vap,32,0.001,
1,1721240096,2,0.08127887547,SWB_GT,3,val,vap,32,0.001,
2,1721243302,3,0.08352568746,SWB_GT,3,val,vap,32,0.001,
3,1721246443,4,0.08243630081,SWB_GT,3,val,vap,32,0.001,
4,1721249647,5,0.08252560347,SWB_GT,3,val,vap,32,0.001,
5,1721252791,6,0.08168323338,SWB_GT,3,val,vap,32,0.001,
6,1721255989,7,0.08136441559,SWB_GT,3,val,vap,32,0.001,
7,1721259156,8,0.08243983239,SWB_GT,3,val,vap,32,0.001,
8,1721262381,9,0.08167984337,SWB_GT,3,val,vap,32,0.001,
9,1721265545,10,0.08147270977,SWB_GT,3,val,vap,32,0.001,
0,1721204484,1,0.07954483479,SWB_GT,2,val,vap,32,0.001,
1,1721207629,2,0.07814320922,SWB_GT,2,val,vap,32,0.001,
2,1721210825,3,0.07742600888,SWB_GT,2,val,vap,32,0.001,
3,1721213970,4,0.07676099986,SWB_GT,2,val,vap,32,0.001,
4,1721217159,5,0.07656749338,SWB_GT,2,val,vap,32,0.001,
5,1721220276,6,0.07609307021,SWB_GT,2,val,vap,32,0.001,
6,1721223476,7,0.07594782859,SWB_GT,2,val,vap,32,0.001,
7,1721226880,8,0.07602840662,SWB_GT,2,val,vap,32,0.001,
8,1721230609,9,0.07569627464,SWB_GT,2,val,vap,32,0.001,
9,1721233743,10,0.07586623728,SWB_GT,2,val,vap,32,0.001,
0,1724946493,1,0.1164769232,CND_multimodal_early_fusion,3,train,vad,16,0.001,
1,1724955543,2,0.1107248366,CND_multimodal_early_fusion,3,train,vad,16,0.001,
2,1724964649,3,0.1086500511,CND_multimodal_early_fusion,3,train,vad,16,0.001,
3,1724973721,4,0.1073061079,CND_multimodal_early_fusion,3,train,vad,16,0.001,
4,1724982786,5,0.1062344983,CND_multimodal_early_fusion,3,train,vad,16,0.001,
5,1724991819,6,0.1052931175,CND_multimodal_early_fusion,3,train,vad,16,0.001,
6,1725000920,7,0.1045220494,CND_multimodal_early_fusion,3,train,vad,16,0.001,
7,1725009990,8,0.1038703769,CND_multimodal_early_fusion,3,train,vad,16,0.001,
8,1725019301,9,0.103261888,CND_multimodal_early_fusion,3,train,vad,16,0.001,
9,1725028549,10,0.1026780158,CND_multimodal_early_fusion,3,train,vad,16,0.001,
0,1724851420,1,0.1152648404,CND_multimodal_early_fusion,2,train,vad,16,0.001,
1,1724864584,2,0.1099714339,CND_multimodal_early_fusion,2,train,vad,16,0.001,
2,1724873656,3,0.1081837341,CND_multimodal_early_fusion,2,train,vad,16,0.001,
3,1724882711,4,0.107173644,CND_multimodal_early_fusion,2,train,vad,16,0.001,
4,1724891803,5,0.1070780009,CND_multimodal_early_fusion,2,train,vad,16,0.001,
5,1724900867,6,0.1071365103,CND_multimodal_early_fusion,2,train,vad,16,0.001,
6,1724909970,7,0.1095338836,CND_multimodal_early_fusion,2,train,vad,16,0.001,
7,1724919223,8,0.1122368574,CND_multimodal_early_fusion,2,train,vad,16,0.001,
8,1724928355,9,0.1162547842,CND_multimodal_early_fusion,2,train,vad,16,0.001,
9,1724937415,10,0.1200812832,CND_multimodal_early_fusion,2,train,vad,16,0.001,
0,1724757152,1,0.1148661301,CND_multimodal_early_fusion,1,train,vad,16,0.001,
1,1724766259,2,0.1094260588,CND_multimodal_early_fusion,1,train,vad,16,0.001,
2,1724775407,3,0.107512936,CND_multimodal_early_fusion,1,train,vad,16,0.001,
3,1724784525,4,0.1061552316,CND_multimodal_early_fusion,1,train,vad,16,0.001,
4,1724793677,5,0.1051108092,CND_multimodal_early_fusion,1,train,vad,16,0.001,
5,1724802787,6,0.1042689309,CND_multimodal_early_fusion,1,train,vad,16,0.001,
6,1724811934,7,0.1035222486,CND_multimodal_early_fusion,1,train,vad,16,0.001,
7,1724821109,8,0.1028440297,CND_multimodal_early_fusion,1,train,vad,16,0.001,
8,1724830226,9,0.1022105515,CND_multimodal_early_fusion,1,train,vad,16,0.001,
9,1724839378,10,0.1016149148,CND_multimodal_early_fusion,1,train,vad,16,0.001,
0,1724666142,1,0.1157922372,CND_multimodal_early_fusion,0,train,vad,16,0.001,
1,1724675183,2,0.110018611,CND_multimodal_early_fusion,0,train,vad,16,0.001,
2,1724684284,3,0.1080365628,CND_multimodal_early_fusion,0,train,vad,16,0.001,
3,1724693363,4,0.1066929474,CND_multimodal_early_fusion,0,train,vad,16,0.001,
4,1724702487,5,0.1055997834,CND_multimodal_early_fusion,0,train,vad,16,0.001,
5,1724711559,6,0.1046832874,CND_multimodal_early_fusion,0,train,vad,16,0.001,
6,1724720714,7,0.1039017662,CND_multimodal_early_fusion,0,train,vad,16,0.001,
7,1724729814,8,0.103169091,CND_multimodal_early_fusion,0,train,vad,16,0.001,
8,1724738925,9,0.1025563478,CND_multimodal_early_fusion,0,train,vad,16,0.001,
9,1724748012,10,0.1019257009,CND_multimodal_early_fusion,0,train,vad,16,0.001,
0,1725037716,1,0.1153697893,CND_multimodal_early_fusion,4,train,vad,16,0.001,
1,1725046946,2,0.1102696285,CND_multimodal_early_fusion,4,train,vad,16,0.001,
2,1725056023,3,0.1088393331,CND_multimodal_early_fusion,4,train,vad,16,0.001,
3,1725065053,4,0.1126018465,CND_multimodal_early_fusion,4,train,vad,16,0.001,
4,1725074102,5,0.1156238094,CND_multimodal_early_fusion,4,train,vad,16,0.001,
5,1725083146,6,0.1196603775,CND_multimodal_early_fusion,4,train,vad,16,0.001,
6,1725092171,7,0.1224939227,CND_multimodal_early_fusion,4,train,vad,16,0.001,
7,1725101197,8,0.1244230568,CND_multimodal_early_fusion,4,train,vad,16,0.001,
8,1725110248,9,0.1283493191,CND_multimodal_early_fusion,4,train,vad,16,0.001,
9,1725119292,10,0.1278502941,CND_multimodal_early_fusion,4,train,vad,16,0.001,
0,1724666142,1,0.008227024227,CND_multimodal_early_fusion,0,train,vap,16,0.001,
1,1724675183,2,0.007643454242,CND_multimodal_early_fusion,0,train,vap,16,0.001,
2,1724684284,3,0.007449260913,CND_multimodal_early_fusion,0,train,vap,16,0.001,
3,1724693363,4,0.007329877466,CND_multimodal_early_fusion,0,train,vap,16,0.001,
4,1724702487,5,0.007241409272,CND_multimodal_early_fusion,0,train,vap,16,0.001,
5,1724711559,6,0.007175751962,CND_multimodal_early_fusion,0,train,vap,16,0.001,
6,1724720714,7,0.007125269622,CND_multimodal_early_fusion,0,train,vap,16,0.001,
7,1724729814,8,0.007079377305,CND_multimodal_early_fusion,0,train,vap,16,0.001,
8,1724738925,9,0.007041250821,CND_multimodal_early_fusion,0,train,vap,16,0.001,
9,1724748012,10,0.007004675455,CND_multimodal_early_fusion,0,train,vap,16,0.001,
0,1724946493,1,0.008241036907,CND_multimodal_early_fusion,3,train,vap,16,0.001,
1,1724955543,2,0.007660784759,CND_multimodal_early_fusion,3,train,vap,16,0.001,
2,1724964649,3,0.007470657583,CND_multimodal_early_fusion,3,train,vap,16,0.001,
3,1724973721,4,0.007357083727,CND_multimodal_early_fusion,3,train,vap,16,0.001,
4,1724982786,5,0.007274724543,CND_multimodal_early_fusion,3,train,vap,16,0.001,
5,1724991819,6,0.007206434384,CND_multimodal_early_fusion,3,train,vap,16,0.001,
6,1725000920,7,0.007148187608,CND_multimodal_early_fusion,3,train,vap,16,0.001,
7,1725009990,8,0.007104666438,CND_multimodal_early_fusion,3,train,vap,16,0.001,
8,1725019301,9,0.007063143887,CND_multimodal_early_fusion,3,train,vap,16,0.001,
9,1725028549,10,0.007027653046,CND_multimodal_early_fusion,3,train,vap,16,0.001,
0,1724757152,1,0.008231916465,CND_multimodal_early_fusion,1,train,vap,16,0.001,
1,1724766259,2,0.007644197904,CND_multimodal_early_fusion,1,train,vap,16,0.001,
2,1724775407,3,0.007455348037,CND_multimodal_early_fusion,1,train,vap,16,0.001,
3,1724784525,4,0.007333348505,CND_multimodal_early_fusion,1,train,vap,16,0.001,
4,1724793677,5,0.007250060793,CND_multimodal_early_fusion,1,train,vap,16,0.001,
5,1724802787,6,0.007181614637,CND_multimodal_early_fusion,1,train,vap,16,0.001,
6,1724811934,7,0.007127689198,CND_multimodal_early_fusion,1,train,vap,16,0.001,
7,1724821109,8,0.007081880234,CND_multimodal_early_fusion,1,train,vap,16,0.001,
8,1724830226,9,0.007038929965,CND_multimodal_early_fusion,1,train,vap,16,0.001,
9,1724839378,10,0.007003094535,CND_multimodal_early_fusion,1,train,vap,16,0.001,
0,1725037716,1,0.008311123587,CND_multimodal_early_fusion,4,train,vap,16,0.001,
1,1725046946,2,0.007754586637,CND_multimodal_early_fusion,4,train,vap,16,0.001,
2,1725056023,3,0.007641803939,CND_multimodal_early_fusion,4,train,vap,16,0.001,
3,1725065053,4,0.008178331889,CND_multimodal_early_fusion,4,train,vap,16,0.001,
4,1725074102,5,0.008793332614,CND_multimodal_early_fusion,4,train,vap,16,0.001,
5,1725083146,6,0.00954660587,CND_multimodal_early_fusion,4,train,vap,16,0.001,
6,1725092171,7,0.01014572103,CND_multimodal_early_fusion,4,train,vap,16,0.001,
7,1725101197,8,0.0106464345,CND_multimodal_early_fusion,4,train,vap,16,0.001,
8,1725110248,9,0.01231986377,CND_multimodal_early_fusion,4,train,vap,16,0.001,
9,1725119292,10,0.01215439849,CND_multimodal_early_fusion,4,train,vap,16,0.001,
0,1724851420,1,0.008248579688,CND_multimodal_early_fusion,2,train,vap,16,0.001,
1,1724864584,2,0.007678898517,CND_multimodal_early_fusion,2,train,vap,16,0.001,
2,1724873656,3,0.007506712805,CND_multimodal_early_fusion,2,train,vap,16,0.001,
3,1724882711,4,0.007427025586,CND_multimodal_early_fusion,2,train,vap,16,0.001,
4,1724891803,5,0.007457144558,CND_multimodal_early_fusion,2,train,vap,16,0.001,
5,1724900867,6,0.007493162528,CND_multimodal_early_fusion,2,train,vap,16,0.001,
6,1724909970,7,0.007852516137,CND_multimodal_early_fusion,2,train,vap,16,0.001,
7,1724919223,8,0.008246611804,CND_multimodal_early_fusion,2,train,vap,16,0.001,
8,1724928355,9,0.008868133649,CND_multimodal_early_fusion,2,train,vap,16,0.001,
9,1724937415,10,0.009519717656,CND_multimodal_early_fusion,2,train,vap,16,0.001,
0,1724757979,1,0.007872324437,CND_multimodal_early_fusion,1,val,vad,16,0.001,
1,1724767103,2,0.007576625794,CND_multimodal_early_fusion,1,val,vad,16,0.001,
2,1724776245,3,0.007537821773,CND_multimodal_early_fusion,1,val,vad,16,0.001,
3,1724785363,4,0.007440071553,CND_multimodal_early_fusion,1,val,vad,16,0.001,
4,1724794508,5,0.007497651037,CND_multimodal_early_fusion,1,val,vad,16,0.001,
5,1724803628,6,0.007427233271,CND_multimodal_early_fusion,1,val,vad,16,0.001,
6,1724812777,7,0.007347305305,CND_multimodal_early_fusion,1,val,vad,16,0.001,
7,1724821942,8,0.007400880568,CND_multimodal_early_fusion,1,val,vad,16,0.001,
8,1724831072,9,0.007429243997,CND_multimodal_early_fusion,1,val,vad,16,0.001,
9,1724840213,10,0.007513033692,CND_multimodal_early_fusion,1,val,vad,16,0.001,
0,1724853171,1,0.007844810374,CND_multimodal_early_fusion,2,val,vad,16,0.001,
1,1724865467,2,0.007694460452,CND_multimodal_early_fusion,2,val,vad,16,0.001,
2,1724874538,3,0.007591698319,CND_multimodal_early_fusion,2,val,vad,16,0.001,
3,1724883587,4,0.007651417516,CND_multimodal_early_fusion,2,val,vad,16,0.001,
4,1724892678,5,0.007618245669,CND_multimodal_early_fusion,2,val,vad,16,0.001,
5,1724901752,6,0.00762809068,CND_multimodal_early_fusion,2,val,vad,16,0.001,
6,1724910843,7,0.008054332808,CND_multimodal_early_fusion,2,val,vad,16,0.001,
7,1724920101,8,0.008668232709,CND_multimodal_early_fusion,2,val,vad,16,0.001,
8,1724929235,9,0.009023759514,CND_multimodal_early_fusion,2,val,vad,16,0.001,
9,1724938296,10,0.009269667789,CND_multimodal_early_fusion,2,val,vad,16,0.001,
0,1725038580,1,0.007788449991,CND_multimodal_early_fusion,4,val,vad,16,0.001,
1,1725047820,2,0.007549189497,CND_multimodal_early_fusion,4,val,vad,16,0.001,
2,1725056889,3,0.009192789905,CND_multimodal_early_fusion,4,val,vad,16,0.001,
3,1725065912,4,0.008314616978,CND_multimodal_early_fusion,4,val,vad,16,0.001,
4,1725074959,5,0.008934748359,CND_multimodal_early_fusion,4,val,vad,16,0.001,
5,1725084006,6,0.009776435792,CND_multimodal_early_fusion,4,val,vad,16,0.001,
6,1725093026,7,0.009990280494,CND_multimodal_early_fusion,4,val,vad,16,0.001,
7,1725102057,8,0.01317021064,CND_multimodal_early_fusion,4,val,vad,16,0.001,
8,1725111103,9,0.01165847667,CND_multimodal_early_fusion,4,val,vad,16,0.001,
9,1725120153,10,0.01246559341,CND_multimodal_early_fusion,4,val,vad,16,0.001,
0,1724947347,1,0.007881179452,CND_multimodal_early_fusion,3,val,vad,16,0.001,
1,1724956405,2,0.007731436752,CND_multimodal_early_fusion,3,val,vad,16,0.001,
2,1724965514,3,0.007623266894,CND_multimodal_early_fusion,3,val,vad,16,0.001,
3,1724974588,4,0.007606206927,CND_multimodal_early_fusion,3,val,vad,16,0.001,
4,1724983639,5,0.007442532573,CND_multimodal_early_fusion,3,val,vad,16,0.001,
5,1724992686,6,0.007476600353,CND_multimodal_early_fusion,3,val,vad,16,0.001,
6,1725001773,7,0.007481122389,CND_multimodal_early_fusion,3,val,vad,16,0.001,
7,1725010854,8,0.007407472935,CND_multimodal_early_fusion,3,val,vad,16,0.001,
8,1725020170,9,0.007432247512,CND_multimodal_early_fusion,3,val,vad,16,0.001,
9,1725029412,10,0.007542264648,CND_multimodal_early_fusion,3,val,vad,16,0.001,
0,1724667013,1,0.007950187661,CND_multimodal_early_fusion,0,val,vad,16,0.001,
1,1724676058,2,0.007724996191,CND_multimodal_early_fusion,0,val,vad,16,0.001,
2,1724685162,3,0.007675357163,CND_multimodal_early_fusion,0,val,vad,16,0.001,
3,1724694248,4,0.00756053254,CND_multimodal_early_fusion,0,val,vad,16,0.001,
4,1724703358,5,0.007546809502,CND_multimodal_early_fusion,0,val,vad,16,0.001,
5,1724712449,6,0.007525641005,CND_multimodal_early_fusion,0,val,vad,16,0.001,
6,1724721587,7,0.007542250678,CND_multimodal_early_fusion,0,val,vad,16,0.001,
7,1724730692,8,0.007583378814,CND_multimodal_early_fusion,0,val,vad,16,0.001,
8,1724739811,9,0.007588470355,CND_multimodal_early_fusion,0,val,vad,16,0.001,
9,1724748889,10,0.007584988605,CND_multimodal_early_fusion,0,val,vad,16,0.001,
0,1724757979,1,0.1107962653,CND_multimodal_early_fusion,1,val,vap,16,0.001,
1,1724767103,2,0.1113982722,CND_multimodal_early_fusion,1,val,vap,16,0.001,
2,1724776245,3,0.1096817479,CND_multimodal_early_fusion,1,val,vap,16,0.001,
3,1724785363,4,0.1086581796,CND_multimodal_early_fusion,1,val,vap,16,0.001,
4,1724794508,5,0.1092688739,CND_multimodal_early_fusion,1,val,vap,16,0.001,
5,1724803628,6,0.1075431705,CND_multimodal_early_fusion,1,val,vap,16,0.001,
6,1724812777,7,0.1081451401,CND_multimodal_early_fusion,1,val,vap,16,0.001,
7,1724821942,8,0.1072607338,CND_multimodal_early_fusion,1,val,vap,16,0.001,
8,1724831072,9,0.1078166887,CND_multimodal_early_fusion,1,val,vap,16,0.001,
9,1724840213,10,0.108144708,CND_multimodal_early_fusion,1,val,vap,16,0.001,
0,1725038580,1,0.1105573401,CND_multimodal_early_fusion,4,val,vap,16,0.001,
1,1725047820,2,0.1080337688,CND_multimodal_early_fusion,4,val,vap,16,0.001,
2,1725056889,3,0.1322847605,CND_multimodal_early_fusion,4,val,vap,16,0.001,
3,1725065912,4,0.110491164,CND_multimodal_early_fusion,4,val,vap,16,0.001,
4,1725074959,5,0.1166054383,CND_multimodal_early_fusion,4,val,vap,16,0.001,
5,1725084006,6,0.1228058934,CND_multimodal_early_fusion,4,val,vap,16,0.001,
6,1725093026,7,0.1327953488,CND_multimodal_early_fusion,4,val,vap,16,0.001,
7,1725102057,8,0.1640795022,CND_multimodal_early_fusion,4,val,vap,16,0.001,
8,1725111103,9,0.1784552783,CND_multimodal_early_fusion,4,val,vap,16,0.001,
9,1725120153,10,0.1779037416,CND_multimodal_early_fusion,4,val,vap,16,0.001,
0,1724667013,1,0.1276676953,CND_multimodal_early_fusion,0,val,vap,16,0.001,
1,1724676058,2,0.1260217279,CND_multimodal_early_fusion,0,val,vap,16,0.001,
2,1724685162,3,0.1250500381,CND_multimodal_early_fusion,0,val,vap,16,0.001,
3,1724694248,4,0.1262236834,CND_multimodal_early_fusion,0,val,vap,16,0.001,
4,1724703358,5,0.1256166548,CND_multimodal_early_fusion,0,val,vap,16,0.001,
5,1724712449,6,0.1274801046,CND_multimodal_early_fusion,0,val,vap,16,0.001,
6,1724721587,7,0.1260275394,CND_multimodal_early_fusion,0,val,vap,16,0.001,
7,1724730692,8,0.1267288327,CND_multimodal_early_fusion,0,val,vap,16,0.001,
8,1724739811,9,0.1264171153,CND_multimodal_early_fusion,0,val,vap,16,0.001,
9,1724748889,10,0.1257556677,CND_multimodal_early_fusion,0,val,vap,16,0.001,
0,1724853171,1,0.1188339517,CND_multimodal_early_fusion,2,val,vap,16,0.001,
1,1724865467,2,0.1125212833,CND_multimodal_early_fusion,2,val,vap,16,0.001,
2,1724874538,3,0.1175300553,CND_multimodal_early_fusion,2,val,vap,16,0.001,
3,1724883587,4,0.1193188131,CND_multimodal_early_fusion,2,val,vap,16,0.001,
4,1724892678,5,0.1174062863,CND_multimodal_early_fusion,2,val,vap,16,0.001,
5,1724901752,6,0.1179418936,CND_multimodal_early_fusion,2,val,vap,16,0.001,
6,1724910843,7,0.1177545041,CND_multimodal_early_fusion,2,val,vap,16,0.001,
7,1724920101,8,0.1212813929,CND_multimodal_early_fusion,2,val,vap,16,0.001,
8,1724929235,9,0.1245839819,CND_multimodal_early_fusion,2,val,vap,16,0.001,
9,1724938296,10,0.1214690879,CND_multimodal_early_fusion,2,val,vap,16,0.001,
0,1724947347,1,0.1274344027,CND_multimodal_early_fusion,3,val,vap,16,0.001,
1,1724956405,2,0.1251929402,CND_multimodal_early_fusion,3,val,vap,16,0.001,
2,1724965514,3,0.1191355288,CND_multimodal_early_fusion,3,val,vap,16,0.001,
3,1724974588,4,0.1248279735,CND_multimodal_early_fusion,3,val,vap,16,0.001,
4,1724983639,5,0.1222883612,CND_multimodal_early_fusion,3,val,vap,16,0.001,
5,1724992686,6,0.123057358,CND_multimodal_early_fusion,3,val,vap,16,0.001,
6,1725001773,7,0.1221424714,CND_multimodal_early_fusion,3,val,vap,16,0.001,
7,1725010854,8,0.1219410598,CND_multimodal_early_fusion,3,val,vap,16,0.001,
8,1725020170,9,0.1176151484,CND_multimodal_early_fusion,3,val,vap,16,0.001,
9,1725029412,10,0.1192407086,CND_multimodal_early_fusion,3,val,vap,16,0.001,
0,1726299197,1,0.06413576752,SWB_ASR+CND,3,train,vad,32,0.001,
1,1726304526,2,0.06150374562,SWB_ASR+CND,3,train,vad,32,0.001,
2,1726309862,3,0.06063823029,SWB_ASR+CND,3,train,vad,32,0.001,
3,1726315204,4,0.06007090211,SWB_ASR+CND,3,train,vad,32,0.001,
4,1726320542,5,0.05961505324,SWB_ASR+CND,3,train,vad,32,0.001,
5,1726325880,6,0.05929173529,SWB_ASR+CND,3,train,vad,32,0.001,
6,1726331217,7,0.05901077017,SWB_ASR+CND,3,train,vad,32,0.001,
7,1726336566,8,0.05876718834,SWB_ASR+CND,3,train,vad,32,0.001,
8,1726341904,9,0.05855999514,SWB_ASR+CND,3,train,vad,32,0.001,
9,1726347246,10,0.05836432055,SWB_ASR+CND,3,train,vad,32,0.001,
0,1726139130,1,0.06444193423,SWB_ASR+CND,0,train,vad,32,0.001,
1,1726144448,2,0.06182089075,SWB_ASR+CND,0,train,vad,32,0.001,
2,1726149799,3,0.06085448712,SWB_ASR+CND,0,train,vad,32,0.001,
3,1726155126,4,0.06023098156,SWB_ASR+CND,0,train,vad,32,0.001,
4,1726160453,5,0.05977249891,SWB_ASR+CND,0,train,vad,32,0.001,
5,1726165786,6,0.05938852206,SWB_ASR+CND,0,train,vad,32,0.001,
6,1726171114,7,0.05908932164,SWB_ASR+CND,0,train,vad,32,0.001,
7,1726176446,8,0.05882398412,SWB_ASR+CND,0,train,vad,32,0.001,
8,1726181774,9,0.05860109627,SWB_ASR+CND,0,train,vad,32,0.001,
9,1726187103,10,0.05839721486,SWB_ASR+CND,0,train,vad,32,0.001,
0,1726245901,1,0.06463323534,SWB_ASR+CND,2,train,vad,32,0.001,
1,1726251225,2,0.0620001778,SWB_ASR+CND,2,train,vad,32,0.001,
2,1726256547,3,0.0610553734,SWB_ASR+CND,2,train,vad,32,0.001,
3,1726261876,4,0.06040591002,SWB_ASR+CND,2,train,vad,32,0.001,
4,1726267203,5,0.05993482098,SWB_ASR+CND,2,train,vad,32,0.001,
5,1726272532,6,0.05958083645,SWB_ASR+CND,2,train,vad,32,0.001,
6,1726277859,7,0.05927505717,SWB_ASR+CND,2,train,vad,32,0.001,
7,1726283183,8,0.05901931599,SWB_ASR+CND,2,train,vad,32,0.001,
8,1726288520,9,0.05877358839,SWB_ASR+CND,2,train,vad,32,0.001,
9,1726293851,10,0.05856287107,SWB_ASR+CND,2,train,vad,32,0.001,
0,1726192472,1,0.06444330513,SWB_ASR+CND,1,train,vad,32,0.001,
1,1726197809,2,0.06182087213,SWB_ASR+CND,1,train,vad,32,0.001,
2,1726203175,3,0.06085984409,SWB_ASR+CND,1,train,vad,32,0.001,
3,1726208518,4,0.06022280827,SWB_ASR+CND,1,train,vad,32,0.001,
4,1726213869,5,0.05975895748,SWB_ASR+CND,1,train,vad,32,0.001,
5,1726219207,6,0.05939983577,SWB_ASR+CND,1,train,vad,32,0.001,
6,1726224559,7,0.05906420201,SWB_ASR+CND,1,train,vad,32,0.001,
7,1726229907,8,0.05879341066,SWB_ASR+CND,1,train,vad,32,0.001,
8,1726235261,9,0.05856377259,SWB_ASR+CND,1,train,vad,32,0.001,
9,1726240604,10,0.05833972245,SWB_ASR+CND,1,train,vad,32,0.001,
0,1726352574,1,0.06411378831,SWB_ASR+CND,4,train,vad,32,0.001,
1,1726357914,2,0.06158508733,SWB_ASR+CND,4,train,vad,32,0.001,
2,1726363252,3,0.06069620699,SWB_ASR+CND,4,train,vad,32,0.001,
3,1726368589,4,0.06011567265,SWB_ASR+CND,4,train,vad,32,0.001,
4,1726373933,5,0.05968875065,SWB_ASR+CND,4,train,vad,32,0.001,
5,1726379265,6,0.05934489146,SWB_ASR+CND,4,train,vad,32,0.001,
6,1726384605,7,0.05908008292,SWB_ASR+CND,4,train,vad,32,0.001,
7,1726389942,8,0.05884975567,SWB_ASR+CND,4,train,vad,32,0.001,
8,1726395279,9,0.05863341317,SWB_ASR+CND,4,train,vad,32,0.001,
9,1726400617,10,0.05843961239,SWB_ASR+CND,4,train,vad,32,0.001,
0,1726299197,1,0.00422436418,SWB_ASR+CND,3,train,vap,32,0.001,
1,1726304526,2,0.003940187395,SWB_ASR+CND,3,train,vap,32,0.001,
2,1726309862,3,0.003864825936,SWB_ASR+CND,3,train,vap,32,0.001,
3,1726315204,4,0.003817371326,SWB_ASR+CND,3,train,vap,32,0.001,
4,1726320542,5,0.00378076639,SWB_ASR+CND,3,train,vap,32,0.001,
5,1726325880,6,0.003754154313,SWB_ASR+CND,3,train,vap,32,0.001,
6,1726331217,7,0.0037335651,SWB_ASR+CND,3,train,vap,32,0.001,
7,1726336566,8,0.003715871833,SWB_ASR+CND,3,train,vap,32,0.001,
8,1726341904,9,0.003701591399,SWB_ASR+CND,3,train,vap,32,0.001,
9,1726347246,10,0.003690938,SWB_ASR+CND,3,train,vap,32,0.001,
0,1726139130,1,0.004197128583,SWB_ASR+CND,0,train,vap,32,0.001,
1,1726144448,2,0.003919416107,SWB_ASR+CND,0,train,vap,32,0.001,
2,1726149799,3,0.00384329888,SWB_ASR+CND,0,train,vap,32,0.001,
3,1726155126,4,0.003794439137,SWB_ASR+CND,0,train,vap,32,0.001,
4,1726160453,5,0.003761880333,SWB_ASR+CND,0,train,vap,32,0.001,
5,1726165786,6,0.003736304119,SWB_ASR+CND,0,train,vap,32,0.001,
6,1726171114,7,0.00371451769,SWB_ASR+CND,0,train,vap,32,0.001,
7,1726176446,8,0.003699099878,SWB_ASR+CND,0,train,vap,32,0.001,
8,1726181774,9,0.00368391932,SWB_ASR+CND,0,train,vap,32,0.001,
9,1726187103,10,0.003673809813,SWB_ASR+CND,0,train,vap,32,0.001,
0,1726245901,1,0.004218982533,SWB_ASR+CND,2,train,vap,32,0.001,
1,1726251225,2,0.003931768704,SWB_ASR+CND,2,train,vap,32,0.001,
2,1726256547,3,0.003855641466,SWB_ASR+CND,2,train,vap,32,0.001,
3,1726261876,4,0.003806595691,SWB_ASR+CND,2,train,vap,32,0.001,
4,1726267203,5,0.003773971461,SWB_ASR+CND,2,train,vap,32,0.001,
5,1726272532,6,0.003750615753,SWB_ASR+CND,2,train,vap,32,0.001,
6,1726277859,7,0.003728454001,SWB_ASR+CND,2,train,vap,32,0.001,
7,1726283183,8,0.00371163385,SWB_ASR+CND,2,train,vap,32,0.001,
8,1726288520,9,0.003697824432,SWB_ASR+CND,2,train,vap,32,0.001,
9,1726293851,10,0.003685754724,SWB_ASR+CND,2,train,vap,32,0.001,
0,1726352574,1,0.004238097928,SWB_ASR+CND,4,train,vap,32,0.001,
1,1726357914,2,0.00395126408,SWB_ASR+CND,4,train,vap,32,0.001,
2,1726363252,3,0.003873758018,SWB_ASR+CND,4,train,vap,32,0.001,
3,1726368589,4,0.003826508764,SWB_ASR+CND,4,train,vap,32,0.001,
4,1726373933,5,0.003792281263,SWB_ASR+CND,4,train,vap,32,0.001,
5,1726379265,6,0.003768742783,SWB_ASR+CND,4,train,vap,32,0.001,
6,1726384605,7,0.003748050891,SWB_ASR+CND,4,train,vap,32,0.001,
7,1726389942,8,0.003732056124,SWB_ASR+CND,4,train,vap,32,0.001,
8,1726395279,9,0.003718476277,SWB_ASR+CND,4,train,vap,32,0.001,
9,1726400617,10,0.003708282718,SWB_ASR+CND,4,train,vap,32,0.001,
0,1726192472,1,0.004201449919,SWB_ASR+CND,1,train,vap,32,0.001,
1,1726197809,2,0.003926219419,SWB_ASR+CND,1,train,vap,32,0.001,
2,1726203175,3,0.003849406494,SWB_ASR+CND,1,train,vap,32,0.001,
3,1726208518,4,0.003802615451,SWB_ASR+CND,1,train,vap,32,0.001,
4,1726213869,5,0.003768817754,SWB_ASR+CND,1,train,vap,32,0.001,
5,1726219207,6,0.003740376094,SWB_ASR+CND,1,train,vap,32,0.001,
6,1726224559,7,0.003719642526,SWB_ASR+CND,1,train,vap,32,0.001,
7,1726229907,8,0.003702213755,SWB_ASR+CND,1,train,vap,32,0.001,
8,1726235261,9,0.003689073026,SWB_ASR+CND,1,train,vap,32,0.001,
9,1726240604,10,0.003677126253,SWB_ASR+CND,1,train,vap,32,0.001,
0,1726246544,1,0.003934921697,SWB_ASR+CND,2,val,vad,32,0.001,
1,1726251869,2,0.003886003979,SWB_ASR+CND,2,val,vad,32,0.001,
2,1726257191,3,0.003860455006,SWB_ASR+CND,2,val,vad,32,0.001,
3,1726262521,4,0.003807020141,SWB_ASR+CND,2,val,vad,32,0.001,
4,1726267848,5,0.003779350081,SWB_ASR+CND,2,val,vad,32,0.001,
5,1726273178,6,0.003838760545,SWB_ASR+CND,2,val,vad,32,0.001,
6,1726278503,7,0.003787655383,SWB_ASR+CND,2,val,vad,32,0.001,
7,1726283828,8,0.00382324215,SWB_ASR+CND,2,val,vad,32,0.001,
8,1726289164,9,0.003848931985,SWB_ASR+CND,2,val,vad,32,0.001,
9,1726294496,10,0.003792612813,SWB_ASR+CND,2,val,vad,32,0.001,
0,1726193090,1,0.003983025439,SWB_ASR+CND,1,val,vad,32,0.001,
1,1726198428,2,0.003908929415,SWB_ASR+CND,1,val,vad,32,0.001,
2,1726203793,3,0.00387814478,SWB_ASR+CND,1,val,vad,32,0.001,
3,1726209138,4,0.003860467812,SWB_ASR+CND,1,val,vad,32,0.001,
4,1726214487,5,0.003841406666,SWB_ASR+CND,1,val,vad,32,0.001,
5,1726219827,6,0.003797233105,SWB_ASR+CND,1,val,vad,32,0.001,
6,1726225178,7,0.003816368058,SWB_ASR+CND,1,val,vad,32,0.001,
7,1726230527,8,0.003781666048,SWB_ASR+CND,1,val,vad,32,0.001,
8,1726235881,9,0.00383197004,SWB_ASR+CND,1,val,vad,32,0.001,
9,1726241224,10,0.003827421227,SWB_ASR+CND,1,val,vad,32,0.001,
0,1726299830,1,0.004019131418,SWB_ASR+CND,3,val,vad,32,0.001,
1,1726305159,2,0.003991164267,SWB_ASR+CND,3,val,vad,32,0.001,
2,1726310495,3,0.003899608273,SWB_ASR+CND,3,val,vad,32,0.001,
3,1726315838,4,0.003882191377,SWB_ASR+CND,3,val,vad,32,0.001,
4,1726321176,5,0.00386234466,SWB_ASR+CND,3,val,vad,32,0.001,
5,1726326514,6,0.003843500279,SWB_ASR+CND,3,val,vad,32,0.001,
6,1726331853,7,0.00399478199,SWB_ASR+CND,3,val,vad,32,0.001,
7,1726337198,8,0.003812764538,SWB_ASR+CND,3,val,vad,32,0.001,
8,1726342539,9,0.003842223901,SWB_ASR+CND,3,val,vad,32,0.001,
9,1726347879,10,0.003821639111,SWB_ASR+CND,3,val,vad,32,0.001,
0,1726353217,1,0.003927996848,SWB_ASR+CND,4,val,vad,32,0.001,
1,1726358553,2,0.004032676574,SWB_ASR+CND,4,val,vad,32,0.001,
2,1726363891,3,0.003799541621,SWB_ASR+CND,4,val,vad,32,0.001,
3,1726369229,4,0.003823279403,SWB_ASR+CND,4,val,vad,32,0.001,
4,1726374572,5,0.003807791509,SWB_ASR+CND,4,val,vad,32,0.001,
5,1726379905,6,0.003813912859,SWB_ASR+CND,4,val,vad,32,0.001,
6,1726385244,7,0.003833303927,SWB_ASR+CND,4,val,vad,32,0.001,
7,1726390581,8,0.003757153405,SWB_ASR+CND,4,val,vad,32,0.001,
8,1726395918,9,0.00373046007,SWB_ASR+CND,4,val,vad,32,0.001,
9,1726401256,10,0.003752290271,SWB_ASR+CND,4,val,vad,32,0.001,
0,1726139769,1,0.004048959818,SWB_ASR+CND,0,val,vad,32,0.001,
1,1726145089,2,0.003949657548,SWB_ASR+CND,0,val,vad,32,0.001,
2,1726150440,3,0.00389201357,SWB_ASR+CND,0,val,vad,32,0.001,
3,1726155767,4,0.004076182377,SWB_ASR+CND,0,val,vad,32,0.001,
4,1726161103,5,0.003911430016,SWB_ASR+CND,0,val,vad,32,0.001,
5,1726166430,6,0.003872300498,SWB_ASR+CND,0,val,vad,32,0.001,
6,1726171756,7,0.003882544348,SWB_ASR+CND,0,val,vad,32,0.001,
7,1726177089,8,0.003854876617,SWB_ASR+CND,0,val,vad,32,0.001,
8,1726182417,9,0.003917712253,SWB_ASR+CND,0,val,vad,32,0.001,
9,1726187744,10,0.00383391371,SWB_ASR+CND,0,val,vad,32,0.001,
0,1726299830,1,0.06937292963,SWB_ASR+CND,3,val,vap,32,0.001,
1,1726305159,2,0.0655118525,SWB_ASR+CND,3,val,vap,32,0.001,
2,1726310495,3,0.06483165175,SWB_ASR+CND,3,val,vap,32,0.001,
3,1726315838,4,0.06568707526,SWB_ASR+CND,3,val,vap,32,0.001,
4,1726321176,5,0.06478708982,SWB_ASR+CND,3,val,vap,32,0.001,
5,1726326514,6,0.06315715611,SWB_ASR+CND,3,val,vap,32,0.001,
6,1726331853,7,0.06589514762,SWB_ASR+CND,3,val,vap,32,0.001,
7,1726337198,8,0.06997969002,SWB_ASR+CND,3,val,vap,32,0.001,
8,1726342539,9,0.06590878218,SWB_ASR+CND,3,val,vap,32,0.001,
9,1726347879,10,0.0937826857,SWB_ASR+CND,3,val,vap,32,0.001,
0,1726139769,1,0.06313796341,SWB_ASR+CND,0,val,vap,32,0.001,
1,1726145089,2,0.06225140765,SWB_ASR+CND,0,val,vap,32,0.001,
2,1726150440,3,0.06265534461,SWB_ASR+CND,0,val,vap,32,0.001,
3,1726155767,4,0.06351257861,SWB_ASR+CND,0,val,vap,32,0.001,
4,1726161103,5,0.06365107,SWB_ASR+CND,0,val,vap,32,0.001,
5,1726166430,6,0.0633450374,SWB_ASR+CND,0,val,vap,32,0.001,
6,1726171756,7,0.06411869824,SWB_ASR+CND,0,val,vap,32,0.001,
7,1726177089,8,0.06110126525,SWB_ASR+CND,0,val,vap,32,0.001,
8,1726182417,9,0.0621179156,SWB_ASR+CND,0,val,vap,32,0.001,
9,1726187744,10,0.06303179264,SWB_ASR+CND,0,val,vap,32,0.001,
0,1726193090,1,0.0627527684,SWB_ASR+CND,1,val,vap,32,0.001,
1,1726198428,2,0.06215355173,SWB_ASR+CND,1,val,vap,32,0.001,
2,1726203793,3,0.06190962344,SWB_ASR+CND,1,val,vap,32,0.001,
3,1726209138,4,0.06193285063,SWB_ASR+CND,1,val,vap,32,0.001,
4,1726214487,5,0.0629343465,SWB_ASR+CND,1,val,vap,32,0.001,
5,1726219827,6,0.06226209179,SWB_ASR+CND,1,val,vap,32,0.001,
6,1726225178,7,0.06390106678,SWB_ASR+CND,1,val,vap,32,0.001,
7,1726230527,8,0.0641065836,SWB_ASR+CND,1,val,vap,32,0.001,
8,1726235881,9,0.06248672307,SWB_ASR+CND,1,val,vap,32,0.001,
9,1726241224,10,0.06714081019,SWB_ASR+CND,1,val,vap,32,0.001,
0,1726353217,1,0.06786123663,SWB_ASR+CND,4,val,vap,32,0.001,
1,1726358553,2,0.06656931341,SWB_ASR+CND,4,val,vap,32,0.001,
2,1726363891,3,0.06576541811,SWB_ASR+CND,4,val,vap,32,0.001,
3,1726369229,4,0.0653213039,SWB_ASR+CND,4,val,vap,32,0.001,
4,1726374572,5,0.0635997504,SWB_ASR+CND,4,val,vap,32,0.001,
5,1726379905,6,0.06568668038,SWB_ASR+CND,4,val,vap,32,0.001,
6,1726385244,7,0.06491075456,SWB_ASR+CND,4,val,vap,32,0.001,
7,1726390581,8,0.0654649213,SWB_ASR+CND,4,val,vap,32,0.001,
8,1726395918,9,0.06474546343,SWB_ASR+CND,4,val,vap,32,0.001,
9,1726401256,10,0.0664871484,SWB_ASR+CND,4,val,vap,32,0.001,
0,1726246544,1,0.06318808347,SWB_ASR+CND,2,val,vap,32,0.001,
1,1726251869,2,0.06148128584,SWB_ASR+CND,2,val,vap,32,0.001,
2,1726257191,3,0.06112174317,SWB_ASR+CND,2,val,vap,32,0.001,
3,1726262521,4,0.06042905152,SWB_ASR+CND,2,val,vap,32,0.001,
4,1726267848,5,0.06015424803,SWB_ASR+CND,2,val,vap,32,0.001,
5,1726273178,6,0.06158011034,SWB_ASR+CND,2,val,vap,32,0.001,
6,1726278503,7,0.06057620049,SWB_ASR+CND,2,val,vap,32,0.001,
7,1726283828,8,0.061986994,SWB_ASR+CND,2,val,vap,32,0.001,
8,1726289164,9,0.06078279763,SWB_ASR+CND,2,val,vap,32,0.001,
9,1726294496,10,0.06069730967,SWB_ASR+CND,2,val,vap,32,0.001,